Gender,City,CGPA,Programming_Skill,Communication_Skill,Aptitude_Score,Internships,Projects,Backlogs,Attendance_Percent,Certifications,Study_Hours_Per_Week,Placed,Salary_LPA
Male,Hyderabad,4.65,5,7,7,1,3,0,74,1,3,1,7.64
Female,Pune,8.13,3,5,9,1,6,3,94,1,1,1,9.28
Male,Pune,5.83,3,7,2,2,0,0,61,3,3,1,6.03
Male,Hyderabad,6.98,6,2,8,3,3,1,65,3,4,1,9.5
Male,Hyderabad,6.03,2,4,9,0,1,0,75,1,6,1,6.98
Female,Bengaluru,5.4,6,7,3,1,1,1,92,2,7,1,8.85
Male,Mumbai,7.74,6,3,2,1,2,0,73,2,23,1,8.13
Male,Delhi,7.96,8,2,7,0,2,0,100,4,25,1,10.1
Male,Chennai,6.62,7,10,5,1,1,0,69,1,8,1,8.6
Female,Mumbai,4.61,8,2,5,2,2,0,60,6,13,1,6.96
Male,Pune,6.65,9,1,10,0,3,0,64,2,4,1,8.38
Male,Hyderabad,7.59,6,5,5,1,2,0,100,0,6,1,10.31
Male,Mumbai,5.72,3,6,4,2,2,2,70,2,11,0,0.0
Male,Delhi,7.38,10,6,5,3,4,1,99,5,1,1,8.73
Female,Pune,7.18,3,9,4,0,1,0,65,2,8,1,9.74
Male,Chennai,7.78,1,4,6,1,0,0,89,2,22,1,9.37
Female,Chennai,7.32,5,1,4,2,3,1,62,2,2,1,7.65
Female,Delhi,6.23,4,6,2,2,2,1,82,1,8,1,7.92
Female,Delhi,8.4,9,5,9,1,5,0,57,2,20,1,7.4
Male,Hyderabad,7.04,9,10,2,1,3,1,56,3,9,1,10.09
Female,Chennai,7.17,5,6,9,1,6,1,68,5,4,1,8.61
Male,Pune,6.27,10,3,10,2,1,3,83,4,17,1,9.7
Female,Mumbai,6.76,4,2,6,2,4,1,57,5,7,1,6.03
Female,Pune,6.32,7,6,9,1,1,1,55,2,10,1,8.21
Female,Bengaluru,7.03,6,1,9,0,2,0,69,4,5,1,8.88
Female,Bengaluru,8.91,4,7,3,2,4,0,74,1,10,1,6.56
Female,Delhi,5.83,10,7,1,3,2,0,76,2,27,1,9.53
Female,Hyderabad,5.59,2,10,1,1,0,1,88,1,12,0,0.0
Female,Bengaluru,8.67,1,7,3,1,2,0,87,3,21,1,6.55
Female,Chennai,6.99,4,10,5,0,2,0,63,2,20,1,7.81
Male,Pune,6.53,4,1,3,2,0,3,57,2,6,1,8.81
Male,Pune,8.24,1,4,9,0,1,1,56,1,1,0,0.0
Female,Delhi,6.59,6,7,9,1,3,0,58,3,3,1,8.47
Female,Mumbai,9.03,4,9,3,1,0,0,70,1,27,1,8.62
Female,Delhi,7.88,1,5,3,0,1,0,87,3,28,1,5.99
Male,Mumbai,6.71,1,2,5,1,1,0,63,2,7,1,8.72
Female,Delhi,9.36,1,7,2,1,2,1,94,2,11,0,0.0
Male,Delhi,6.59,8,10,6,2,0,0,92,3,24,1,10.14
Male,Delhi,7.94,10,1,7,2,0,0,72,0,12,1,9.49
Male,Mumbai,7.5,8,7,9,0,0,0,70,2,9,1,9.67
Male,Mumbai,8.5,2,6,6,2,3,1,62,2,1,1,6.78
Male,Delhi,8.76,7,7,3,0,3,1,77,1,4,1,9.69
Female,Bengaluru,7.23,8,10,5,0,0,1,90,3,2,1,8.61
Female,Hyderabad,6.45,8,3,4,1,2,2,57,3,2,1,8.63
Female,Hyderabad,7.66,10,3,5,1,3,0,69,2,17,1,8.04
Female,Hyderabad,6.52,7,7,8,0,5,1,92,0,21,1,9.97
Female,Mumbai,9.21,5,2,8,3,3,1,87,3,2,1,7.34
Male,Mumbai,7.34,1,1,6,0,1,0,72,1,4,1,8.52
Female,Bengaluru,6.83,9,9,1,1,3,1,77,3,25,1,7.87
Female,Hyderabad,7.38,7,9,8,1,2,0,97,2,11,1,11.47
Male,Hyderabad,5.85,2,7,8,1,0,0,57,1,19,1,8.62
Female,Delhi,6.23,6,7,2,1,2,2,84,1,24,1,8.37
Male,Mumbai,8.4,2,3,4,1,4,0,99,3,26,1,7.45
Female,Hyderabad,6.54,1,10,2,1,3,0,71,0,13,1,8.98
Male,Pune,6.15,7,2,4,2,2,0,86,3,22,1,4.57
Female,Bengaluru,7.74,2,7,10,1,3,1,100,5,26,1,8.91
Female,Pune,8.39,2,9,7,2,3,0,61,1,21,1,9.29
Male,Pune,7.92,5,1,9,1,1,2,93,4,18,1,9.41
Male,Bengaluru,8.2,5,4,8,1,1,0,68,5,27,1,9.98
Male,Pune,6.44,7,6,9,1,5,1,69,3,29,1,7.92
Male,Hyderabad,5.78,1,7,8,1,2,1,98,0,19,1,8.3
Male,Mumbai,8.7,8,10,2,1,4,2,66,3,24,1,8.7
Male,Bengaluru,6.88,3,7,7,1,4,2,62,0,15,1,7.27
Male,Delhi,6.95,4,10,2,0,2,0,70,2,28,1,7.17
Male,Pune,8.53,9,2,2,0,2,0,95,4,12,1,9.26
Female,Bengaluru,7.76,4,4,4,1,3,1,88,3,25,1,10.03
Female,Chennai,7.66,10,5,1,1,4,0,100,1,11,1,11.44
Male,Chennai,9.37,5,1,5,3,1,0,78,0,27,1,9.05
Female,Mumbai,6.56,7,1,6,0,2,1,83,3,23,1,7.86
Female,Hyderabad,8.13,4,10,9,0,1,1,70,1,1,1,10.42
Female,Mumbai,7.26,1,3,10,0,6,1,59,3,16,0,0.0
Female,Mumbai,7.47,9,10,8,3,2,0,59,3,28,1,9.23
Male,Mumbai,8.73,4,3,2,2,2,0,84,2,28,1,7.71
Female,Mumbai,7.71,9,8,1,0,1,0,59,0,13,1,11.0
Male,Delhi,7.74,6,9,2,1,4,1,97,4,29,1,9.04
Female,Delhi,8.27,1,1,7,2,2,0,67,1,6,1,8.51
Female,Bengaluru,6.84,3,2,4,0,3,0,89,6,23,1,8.9
Female,Chennai,6.36,2,10,10,1,1,0,79,4,28,1,7.99
Male,Mumbai,6.16,9,2,5,0,4,1,68,1,6,1,10.51
Female,Bengaluru,5.23,1,4,7,3,4,2,98,2,10,0,0.0
Male,Chennai,9.26,9,2,3,2,0,1,100,3,27,1,9.15
Female,Pune,6.1,9,7,10,2,6,1,80,3,29,1,8.82
Male,Hyderabad,6.98,8,9,2,1,3,1,72,1,2,1,8.2
Female,Delhi,6.92,8,7,7,1,2,1,74,3,29,1,11.15
Male,Pune,7.51,1,6,5,3,3,1,88,1,25,1,7.38
Male,Chennai,8.02,8,10,1,1,0,1,61,4,3,1,9.12
Female,Pune,8.06,10,1,1,0,2,0,64,3,6,1,9.96
Male,Hyderabad,6.62,3,10,9,1,2,2,69,2,16,1,8.78
Female,Chennai,7.03,7,9,5,1,1,2,71,0,6,1,9.61
Female,Pune,7.48,1,5,1,1,3,0,65,1,24,1,9.2
Female,Delhi,6.95,1,5,7,3,2,0,88,3,13,1,8.88
Female,Delhi,8.81,10,6,9,0,2,1,81,2,4,1,9.26
Female,Bengaluru,7.69,5,9,1,1,2,1,75,1,15,1,8.14
Female,Pune,7.93,5,8,10,1,3,0,85,1,6,1,8.92
Female,Mumbai,7.86,8,8,4,0,3,1,58,0,1,1,8.55
Female,Pune,8.37,7,8,3,2,3,1,95,1,9,1,8.48
Female,Chennai,7.38,8,1,5,0,1,0,71,2,12,1,8.54
Female,Chennai,5.9,6,1,7,0,2,0,74,0,25,0,0.0
Female,Pune,7.6,6,8,8,2,3,0,79,2,23,1,10.73
Male,Hyderabad,6.55,2,5,2,0,0,2,94,2,11,0,0.0
Male,Delhi,6.67,6,9,7,2,3,1,77,0,13,1,6.07
Female,Chennai,7.79,5,2,1,1,1,1,69,4,1,1,8.12
Female,Delhi,8.44,3,9,7,2,1,1,87,1,19,1,9.87
Female,Chennai,7.22,6,8,8,1,0,0,73,2,28,1,6.87
Female,Bengaluru,7.51,8,9,2,1,2,0,69,3,21,1,9.81
Female,Mumbai,8.9,9,4,9,2,3,0,95,3,4,1,10.34
Female,Chennai,7.44,1,1,1,1,2,0,59,0,5,1,8.24
Female,Delhi,9.8,3,1,6,0,4,0,70,3,23,1,9.24
Female,Bengaluru,7.77,3,5,1,1,1,0,99,2,25,1,7.49
Male,Chennai,5.44,8,2,3,1,2,1,86,1,17,1,9.2
Female,Hyderabad,7.95,1,8,6,1,1,1,76,1,5,1,8.77
Male,Mumbai,7.58,5,10,3,1,2,2,97,1,19,1,8.18
Female,Chennai,8.49,3,5,8,1,4,1,86,1,3,1,7.89
Female,Bengaluru,7.87,2,5,5,1,0,1,67,0,11,1,7.06
Male,Hyderabad,7.06,8,2,2,1,3,0,92,3,2,1,9.38
Female,Pune,5.98,3,7,4,0,1,0,80,3,22,1,7.71
Male,Bengaluru,6.99,7,8,9,0,2,0,71,2,14,1,8.56
Female,Bengaluru,6.35,1,10,4,1,1,0,59,3,6,1,5.97
Female,Hyderabad,6.62,6,1,10,0,2,1,87,0,19,1,7.22
Male,Bengaluru,7.79,3,2,10,0,3,0,81,3,1,1,7.14
Female,Hyderabad,8.87,8,10,8,0,3,0,59,2,7,1,10.49
Male,Chennai,7.59,6,4,5,1,1,0,91,1,2,1,9.08
Female,Hyderabad,6.0,2,5,10,0,1,0,61,1,24,1,7.5
Male,Hyderabad,7.64,6,2,1,1,3,1,72,3,19,1,10.22
Male,Mumbai,8.4,7,1,7,2,5,1,85,3,1,1,10.44
Female,Hyderabad,6.59,5,9,3,1,1,0,60,3,26,1,9.73
Female,Hyderabad,7.07,3,1,10,1,3,1,56,2,9,1,8.04
Male,Pune,7.21,4,4,8,0,1,0,67,0,21,1,6.81
Female,Chennai,6.42,4,2,3,4,1,1,96,1,17,0,0.0
Female,Mumbai,7.85,6,4,1,0,2,0,65,0,10,1,9.6
Female,Pune,7.08,10,8,5,0,0,1,80,3,27,1,9.83
Male,Delhi,7.62,1,8,2,1,2,0,75,5,6,1,9.1
Male,Chennai,6.31,4,9,4,2,2,0,56,2,26,1,11.5
Male,Chennai,6.76,10,5,1,2,1,0,94,1,3,1,8.95
Male,Delhi,7.92,4,7,9,1,4,0,74,2,27,1,10.48
Male,Hyderabad,6.83,10,3,6,1,5,1,71,2,20,1,8.07
Male,Pune,8.93,1,10,8,2,2,1,70,4,24,1,9.72
Male,Bengaluru,6.8,9,4,4,2,1,0,96,1,15,1,11.1
Male,Mumbai,7.42,4,10,9,2,2,1,59,4,21,1,8.52
Male,Bengaluru,8.13,7,9,2,0,3,3,68,2,28,1,6.88
Female,Delhi,5.78,3,10,9,1,0,0,78,2,22,1,8.56
Male,Chennai,5.44,10,10,5,1,1,2,58,0,26,1,8.34
Female,Chennai,5.67,3,1,6,2,5,0,78,2,20,0,0.0
Female,Mumbai,8.46,8,2,3,1,3,1,63,6,6,1,8.86
Female,Chennai,6.65,8,5,4,1,0,0,57,1,3,1,11.65
Male,Chennai,9.76,1,3,6,2,4,1,63,2,10,1,9.16
Male,Mumbai,6.64,10,2,7,0,2,0,72,2,12,1,9.97
Male,Pune,7.38,2,1,1,1,2,0,90,1,1,0,0.0
Male,Pune,8.74,8,10,7,3,1,1,73,1,22,1,8.11
Female,Mumbai,9.21,1,3,1,0,4,1,78,2,30,1,7.29
Male,Delhi,9.26,8,1,5,2,1,0,58,1,29,1,8.15
Male,Chennai,8.41,8,1,6,1,1,2,63,5,16,1,10.22
Male,Chennai,8.22,2,1,2,3,3,1,87,1,17,0,0.0
Male,Delhi,7.79,4,8,10,0,2,0,55,0,10,1,7.18
Male,Pune,7.98,6,3,9,2,2,0,89,4,12,1,8.18
Female,Hyderabad,6.65,9,1,10,0,1,0,64,2,19,1,9.75
Male,Hyderabad,6.38,8,7,6,1,2,3,66,3,28,1,9.51
Female,Hyderabad,7.2,8,10,7,1,2,0,72,2,8,1,10.18
Male,Pune,7.03,7,3,10,2,1,2,68,1,23,1,8.46
Female,Pune,6.75,9,8,8,2,2,2,64,2,8,1,11.34
Male,Delhi,7.9,2,4,10,1,1,3,64,2,10,1,9.8
Male,Chennai,8.16,3,4,1,0,3,1,72,0,10,1,7.31
Female,Delhi,7.29,10,5,8,0,0,0,78,0,18,1,10.23
Female,Delhi,8.68,8,6,4,0,1,1,55,7,10,1,9.52
Female,Pune,6.06,6,7,10,2,2,0,84,2,7,1,8.14
Male,Hyderabad,7.01,10,4,8,1,3,0,69,3,30,1,9.17
Female,Bengaluru,6.48,9,8,6,1,3,1,62,1,4,1,8.05
Male,Chennai,5.33,10,6,9,0,0,0,89,2,1,1,9.78
Male,Pune,7.12,4,1,4,0,1,0,72,3,11,1,7.78
Female,Hyderabad,7.08,8,1,2,2,2,0,95,2,19,1,8.27
Female,Bengaluru,8.71,10,9,2,0,0,0,70,2,5,1,10.66
Male,Bengaluru,7.83,3,10,5,1,2,0,75,0,30,1,11.21
Male,Pune,6.18,3,6,10,3,3,1,69,2,26,1,7.43
Female,Mumbai,9.05,8,10,9,2,2,0,59,2,8,1,8.13
Female,Chennai,8.42,5,8,3,1,4,0,99,5,2,1,10.41
Female,Bengaluru,7.78,3,7,8,1,2,1,61,0,2,1,8.82
Male,Pune,6.97,10,6,4,3,2,2,61,2,24,1,9.74
Male,Pune,6.24,1,4,6,3,0,0,81,5,14,1,7.85
Male,Hyderabad,6.83,3,7,10,0,0,1,79,4,9,1,8.96
Male,Mumbai,8.29,9,9,6,1,2,0,76,4,10,1,9.92
Male,Chennai,9.08,5,10,3,1,1,0,67,2,13,1,8.65
Male,Delhi,8.74,10,10,5,0,1,1,71,1,29,1,10.6
Female,Hyderabad,6.71,2,7,3,1,3,0,95,0,1,1,8.69
Male,Bengaluru,6.08,7,1,1,0,2,1,98,2,14,0,0.0
Male,Bengaluru,7.34,2,10,7,3,4,1,67,3,2,1,8.1
Male,Hyderabad,5.43,4,9,4,1,3,2,80,4,4,1,6.94
Female,Pune,7.52,7,4,7,0,2,0,63,4,28,1,9.53
Male,Bengaluru,7.05,4,3,3,0,1,0,59,2,19,1,9.01
Male,Mumbai,6.73,7,4,5,2,1,0,93,4,1,1,8.65
Female,Chennai,5.61,7,4,5,2,2,0,87,3,4,1,6.94
Male,Mumbai,7.71,1,10,2,0,5,2,58,0,11,1,5.89
Male,Bengaluru,6.67,6,2,10,3,4,1,82,2,13,1,8.28
Male,Delhi,6.03,9,1,2,1,1,1,80,1,27,1,8.97
Male,Chennai,4.5,2,10,4,0,0,0,58,3,18,1,8.09
Male,Chennai,7.17,3,1,4,1,0,0,70,4,10,1,9.73
Female,Hyderabad,8.97,10,8,4,1,5,0,91,2,5,1,9.41
Female,Hyderabad,8.86,5,2,6,2,4,2,76,3,1,1,7.3
Female,Delhi,6.74,9,10,2,1,2,0,90,3,14,1,8.32
Male,Pune,6.6,4,5,6,1,2,1,92,2,16,1,10.91
Male,Chennai,7.67,1,4,7,0,4,1,89,0,24,1,10.28
Male,Delhi,6.2,4,8,10,1,3,1,79,6,26,1,8.66
Female,Hyderabad,7.5,6,2,3,2,6,1,62,2,18,1,8.33
Male,Hyderabad,7.97,5,10,8,1,0,0,71,5,27,1,8.78
Male,Chennai,8.43,1,9,2,3,3,0,72,2,3,1,10.63
Female,Mumbai,7.1,4,7,8,1,1,4,66,4,3,1,8.72
Male,Bengaluru,7.0,6,7,5,2,1,0,87,5,4,1,8.21
Female,Hyderabad,6.32,10,1,2,3,1,0,77,3,7,1,10.5
Female,Pune,6.37,10,2,7,1,5,0,66,2,13,1,6.59
Female,Pune,6.97,4,4,2,2,6,2,65,0,9,0,0.0
Male,Hyderabad,7.57,9,4,6,0,1,2,67,0,3,1,8.26
Male,Mumbai,8.11,5,3,10,1,2,0,89,1,17,1,10.14
Male,Mumbai,6.4,8,7,3,0,0,0,81,2,15,1,8.03
Male,Delhi,8.69,9,8,9,0,0,0,79,1,27,1,7.49
Male,Pune,6.93,10,2,3,1,4,1,94,3,10,1,8.29
Male,Delhi,7.18,5,4,3,1,2,0,57,3,15,1,8.05
Male,Pune,6.45,6,3,5,0,1,2,79,3,1,1,8.4
Female,Bengaluru,4.78,1,2,7,2,2,1,99,3,28,1,7.45
Male,Bengaluru,8.08,7,6,8,1,0,0,64,4,27,1,10.33
Female,Chennai,7.94,4,4,7,0,0,1,71,3,22,1,8.38
Male,Delhi,6.92,2,6,9,0,2,1,57,4,21,1,7.46
Male,Hyderabad,7.27,5,2,5,0,2,0,99,2,10,1,8.7
Male,Delhi,7.72,3,4,10,4,0,1,76,2,7,1,8.85
Female,Hyderabad,5.64,6,6,3,2,2,1,92,3,7,0,0.0
Female,Mumbai,6.67,8,5,6,2,1,2,68,1,3,1,6.75
Female,Delhi,7.99,7,3,5,1,3,2,81,2,7,1,8.55
Female,Mumbai,5.95,3,8,4,3,4,1,96,4,9,1,8.91
Male,Bengaluru,7.49,8,7,2,3,4,0,74,3,8,1,8.99
Female,Bengaluru,5.84,2,3,7,1,2,1,72,0,3,0,0.0
Male,Chennai,7.67,10,6,5,2,4,0,67,3,26,1,9.99
Male,Delhi,7.16,9,4,4,0,4,1,96,1,5,1,8.45
Female,Mumbai,5.58,4,5,8,3,2,0,60,6,13,1,9.7
Female,Hyderabad,8.36,1,5,9,0,2,0,64,6,13,1,7.5
Female,Bengaluru,6.47,8,7,9,2,0,1,91,1,30,1,6.71
Female,Bengaluru,6.39,7,5,3,1,4,1,83,5,8,1,8.99
Female,Hyderabad,7.4,5,3,3,0,3,0,60,2,18,1,7.75
Female,Mumbai,8.35,10,10,5,1,2,0,93,1,30,1,9.55
Female,Mumbai,6.18,5,5,5,3,3,1,65,3,30,1,6.98
Female,Delhi,7.26,7,7,10,1,3,4,79,4,7,1,8.89
Male,Delhi,7.63,5,5,2,0,2,1,98,1,27,1,9.35
Female,Pune,7.89,8,5,1,3,6,2,98,1,10,1,9.98
Female,Pune,7.38,6,9,8,0,1,1,84,0,10,1,7.44
Male,Chennai,6.83,5,3,3,0,2,2,74,1,23,0,0.0
Female,Bengaluru,6.37,9,6,1,2,2,0,91,2,11,1,9.29
Male,Delhi,7.29,2,1,1,1,2,2,70,3,12,1,7.84
Male,Mumbai,6.13,1,10,2,1,3,1,85,2,30,1,7.1
Female,Hyderabad,4.5,8,5,6,1,2,1,83,2,13,1,7.89
Male,Mumbai,7.64,3,8,6,1,3,0,60,2,8,1,8.33
Male,Bengaluru,8.1,7,5,3,3,1,0,83,5,17,1,9.62
Male,Pune,4.84,10,9,4,1,1,1,86,1,24,1,8.98
Male,Mumbai,6.19,8,6,2,2,0,2,63,1,14,1,9.81
Female,Chennai,7.82,6,8,2,0,6,0,91,3,17,1,8.65
Male,Bengaluru,9.26,10,10,7,2,2,2,77,2,19,1,11.14
Female,Pune,7.22,9,8,1,1,6,0,70,5,16,1,9.81
Male,Hyderabad,6.47,7,3,7,0,2,0,72,0,9,1,9.65
Male,Pune,7.02,10,7,1,1,1,1,73,5,20,1,7.83
Male,Chennai,8.57,5,7,6,2,1,0,98,2,10,1,8.98
Male,Bengaluru,6.55,8,10,3,1,0,1,56,2,29,1,11.03
Female,Hyderabad,6.4,2,6,8,1,2,2,64,1,9,1,6.33
Female,Chennai,6.72,7,7,6,1,2,1,66,3,1,1,10.84
Male,Pune,6.25,4,2,2,1,5,1,100,1,24,1,10.26
Male,Chennai,7.32,9,9,8,0,1,0,72,3,3,1,10.02
Female,Bengaluru,8.82,1,10,5,1,1,1,73,3,11,1,7.09
Male,Delhi,7.52,7,10,8,1,2,0,92,2,7,1,8.71
Male,Chennai,6.95,6,1,8,1,2,2,91,3,18,1,9.6
Male,Chennai,6.91,8,1,6,1,2,1,81,1,13,1,7.29
Female,Pune,5.64,5,3,2,1,0,0,68,1,23,1,8.89
Female,Pune,8.08,1,3,8,2,3,0,99,3,23,1,8.58
Female,Hyderabad,7.12,1,1,6,1,3,0,88,2,25,1,7.43
Male,Pune,7.02,9,7,6,1,3,0,56,3,18,1,7.69
Male,Mumbai,9.9,10,4,8,2,1,1,98,3,16,1,11.92
Female,Bengaluru,7.5,6,10,1,1,3,0,87,2,24,1,9.78
Female,Bengaluru,6.45,10,2,2,2,1,0,73,3,16,1,8.76
Female,Delhi,6.77,5,10,9,0,2,2,81,1,21,1,8.51
Female,Delhi,8.35,1,5,8,1,2,1,84,2,10,1,8.22
Male,Bengaluru,7.31,6,6,7,0,1,1,61,2,9,1,6.61
Female,Delhi,5.76,6,9,7,1,5,0,81,3,8,1,9.78
Male,Hyderabad,8.12,3,4,5,2,1,2,75,1,19,1,8.96
Female,Pune,6.53,8,2,2,0,2,1,61,3,3,1,9.89
Male,Bengaluru,9.07,1,5,6,1,1,1,79,6,27,1,8.25
Female,Delhi,8.28,1,3,10,2,4,0,92,0,28,1,8.63
Female,Bengaluru,6.75,6,2,3,1,2,1,72,3,26,1,8.97
Female,Mumbai,8.48,10,1,4,2,1,0,87,2,24,1,10.91
Female,Chennai,7.27,1,10,10,1,1,0,87,1,9,1,10.32
Male,Pune,8.05,6,2,2,1,1,1,86,3,2,1,8.62
Female,Bengaluru,7.68,1,6,2,1,3,1,79,1,19,1,7.89
Male,Chennai,6.35,6,8,8,0,1,0,68,0,30,1,8.15
Male,Delhi,6.56,3,3,8,0,1,0,92,1,30,1,7.44
Male,Chennai,8.23,8,9,10,0,3,0,92,6,8,1,12.52
Male,Pune,6.87,6,9,6,0,3,1,58,1,18,1,6.61
Female,Bengaluru,6.8,1,2,5,2,2,0,98,4,8,0,0.0
Male,Mumbai,6.24,5,8,8,0,0,0,72,4,5,1,9.05
Male,Delhi,7.62,8,10,4,2,1,2,64,1,6,1,9.03
Male,Bengaluru,9.26,3,5,4,0,2,1,89,2,30,1,8.1
Female,Pune,6.13,6,4,5,0,1,1,89,3,10,1,8.32
Female,Delhi,7.22,5,10,1,0,0,0,94,1,15,1,7.95
Female,Hyderabad,8.61,6,5,1,0,0,3,77,3,28,1,10.89
Female,Chennai,7.12,10,4,2,1,0,0,79,3,4,1,9.95
Male,Pune,7.65,1,8,8,1,2,0,55,5,3,1,10.3
Male,Hyderabad,6.14,7,4,7,3,0,1,72,3,24,1,8.14
Female,Bengaluru,7.63,9,10,10,1,0,1,69,4,9,1,9.42
Male,Mumbai,7.01,2,6,9,2,5,2,79,3,16,1,8.08
Male,Delhi,8.19,10,2,5,2,3,0,86,0,29,1,9.12
Male,Chennai,8.39,5,5,2,0,1,1,74,5,16,1,7.8
Female,Delhi,9.79,10,6,7,0,0,1,71,4,15,1,10.99
Female,Bengaluru,7.78,4,5,8,1,2,0,65,1,24,1,9.11
Male,Delhi,7.53,6,2,7,1,0,1,67,1,9,1,8.8
Female,Chennai,7.39,6,7,7,1,1,1,79,5,17,1,9.41
Female,Bengaluru,6.85,2,4,5,1,1,1,74,1,21,1,7.64
Female,Delhi,7.54,2,8,2,2,2,0,79,1,12,1,8.4
Female,Mumbai,6.9,4,7,6,0,2,0,96,4,23,1,9.43
Female,Pune,7.37,1,7,4,2,3,1,99,4,8,1,9.4
Male,Bengaluru,8.52,9,9,10,2,2,1,85,1,14,1,11.4
Female,Pune,6.19,7,1,2,0,2,2,55,2,27,0,0.0
Male,Bengaluru,8.34,7,10,9,1,2,0,70,1,18,1,8.1
Male,Mumbai,8.52,3,6,7,1,0,0,82,2,12,1,7.46
Female,Pune,7.08,3,6,6,1,2,0,75,2,27,1,7.56
Male,Hyderabad,5.08,1,6,5,1,0,0,84,2,14,1,7.0
Male,Chennai,6.59,3,6,3,0,0,1,57,0,20,1,8.69
Male,Hyderabad,8.5,3,10,10,0,4,2,88,5,23,1,10.23
Female,Delhi,7.18,4,7,10,0,2,1,60,0,5,1,8.02
Female,Mumbai,6.2,4,10,4,0,3,1,97,3,1,1,8.84
Male,Hyderabad,6.7,3,6,3,0,4,2,83,0,13,1,9.74
Female,Bengaluru,8.04,10,1,8,1,4,1,57,1,14,1,8.97
Female,Delhi,7.75,8,3,3,1,1,0,87,0,2,1,8.83
Female,Delhi,6.96,8,2,7,1,3,1,65,2,16,1,8.98
Female,Hyderabad,6.83,1,6,7,0,1,1,99,1,5,0,0.0
Male,Hyderabad,6.81,7,8,7,1,3,1,59,0,22,1,9.34
Male,Mumbai,6.28,2,3,7,3,1,1,86,1,1,0,0.0
Female,Chennai,8.82,1,10,2,1,2,0,72,2,12,1,9.65
Female,Hyderabad,6.88,3,8,10,1,3,0,74,3,19,1,7.75
Male,Hyderabad,8.42,4,8,3,0,1,0,93,4,22,1,8.31
Male,Pune,8.72,6,5,10,1,4,0,94,4,22,1,8.1
Female,Bengaluru,8.2,10,8,9,1,2,0,82,1,23,1,10.22
Male,Pune,6.77,5,6,3,1,0,0,67,4,10,1,9.11
Female,Pune,7.6,4,5,2,1,1,1,80,3,12,0,0.0
Female,Delhi,7.18,8,9,9,1,0,1,70,1,30,1,11.13
Male,Chennai,6.3,4,7,10,2,1,0,79,0,30,1,8.23
Male,Bengaluru,7.52,10,8,9,2,4,0,64,1,19,1,9.32
Female,Mumbai,6.02,2,1,4,1,2,1,83,0,16,0,0.0
Female,Mumbai,8.39,3,2,9,2,2,1,100,2,17,1,7.98
Male,Hyderabad,6.74,6,8,3,0,1,0,92,2,13,1,7.39
Female,Hyderabad,7.4,8,9,7,1,1,1,74,2,7,1,8.6
Male,Mumbai,7.48,8,4,7,1,4,0,80,3,28,1,9.84
Female,Hyderabad,6.94,9,10,8,2,4,2,86,2,27,1,6.79
Male,Chennai,7.79,7,10,10,2,1,1,93,1,3,1,7.27
Male,Pune,6.73,2,9,4,0,4,1,92,4,5,1,7.37
Male,Hyderabad,8.07,8,4,3,0,0,1,78,3,4,1,7.13
Female,Delhi,5.85,7,10,3,0,2,0,85,0,28,1,6.69
Female,Hyderabad,7.33,8,10,5,1,0,1,94,3,15,1,10.0
Male,Bengaluru,9.14,3,10,1,0,2,1,66,3,17,1,8.53
Female,Chennai,6.2,7,9,10,1,1,1,90,1,12,1,7.49
Male,Bengaluru,6.52,10,7,3,1,3,1,64,2,23,1,9.15
Male,Bengaluru,7.71,9,2,6,0,3,1,60,3,14,1,9.42
Female,Delhi,7.38,3,9,3,1,0,3,61,5,29,0,0.0
Female,Chennai,7.55,10,4,5,3,2,0,85,2,4,1,7.21
Male,Chennai,7.69,6,8,9,3,0,1,81,3,17,1,7.8
Female,Chennai,7.83,2,7,2,0,2,0,62,1,11,1,7.76
Female,Chennai,8.31,2,7,2,0,1,1,57,4,6,1,9.12
Male,Chennai,7.61,5,8,6,1,3,0,94,3,4,1,12.23
Male,Delhi,6.96,5,1,6,1,2,1,75,3,13,1,9.24
Female,Hyderabad,7.87,7,5,8,1,1,0,55,1,20,1,8.78
Male,Bengaluru,9.1,2,2,2,1,2,0,99,3,15,1,7.47
Male,Chennai,7.07,7,2,9,1,3,3,69,4,18,1,7.21
Female,Hyderabad,6.23,5,1,2,3,3,3,61,2,17,1,9.36
Male,Hyderabad,8.31,6,5,1,1,0,0,69,1,19,1,8.17
Male,Bengaluru,7.08,8,2,10,1,1,0,79,1,10,1,8.51
Female,Delhi,5.03,10,4,2,3,4,0,57,1,5,1,10.45
Female,Mumbai,8.05,4,3,7,0,3,0,84,0,12,1,6.74
Male,Mumbai,6.66,7,3,8,0,1,3,68,0,25,1,9.0
Male,Hyderabad,7.11,6,2,5,1,0,0,58,1,30,1,7.62
Female,Pune,7.53,10,6,6,0,4,0,90,1,15,1,11.3
Female,Pune,7.39,2,2,1,1,1,0,57,4,23,0,0.0
Female,Bengaluru,7.91,8,8,6,0,3,0,59,5,4,1,10.03
Female,Mumbai,6.76,10,8,8,0,1,1,79,4,8,1,6.9
Male,Hyderabad,7.71,9,5,3,0,2,1,85,2,28,1,11.14
Female,Delhi,6.94,5,10,1,3,4,1,65,3,20,1,9.63
Female,Mumbai,7.94,10,7,4,0,1,0,62,1,22,1,8.81
Male,Hyderabad,7.82,4,4,1,2,4,2,80,4,28,1,9.19
Female,Hyderabad,6.26,6,1,8,4,2,1,56,4,17,1,9.56
Male,Chennai,8.29,8,2,5,0,3,2,82,3,30,1,9.54
Female,Delhi,6.66,3,10,1,1,4,0,64,2,6,1,7.72
Female,Chennai,8.01,10,10,8,2,5,1,93,3,16,1,9.39
Female,Bengaluru,7.57,1,4,9,2,1,1,91,2,26,1,8.4
Male,Chennai,9.04,4,1,10,1,2,1,93,2,5,1,9.21
Male,Chennai,6.98,4,8,2,0,3,0,75,2,14,1,8.94
Female,Mumbai,6.85,1,9,9,1,0,0,82,2,2,1,6.79
Male,Pune,7.18,9,4,8,0,1,2,92,1,17,1,8.32
Male,Hyderabad,6.9,3,10,7,0,2,1,87,0,29,1,7.81
Male,Delhi,8.0,5,3,3,2,0,0,65,2,6,1,9.47
Male,Chennai,5.58,6,2,2,2,2,1,99,1,11,1,6.34
Male,Delhi,6.15,8,5,7,2,4,0,98,1,2,1,8.8
Male,Pune,6.13,6,3,5,1,3,0,55,3,25,1,9.3
Female,Pune,8.15,3,10,6,1,2,0,87,3,25,1,8.77
Female,Chennai,8.91,6,7,4,2,4,0,57,2,1,1,9.43
Male,Bengaluru,7.1,1,6,2,0,3,5,80,2,5,0,0.0
Female,Chennai,7.03,4,1,9,2,0,0,69,2,8,1,8.52
Female,Mumbai,7.27,6,8,3,1,2,1,95,2,4,1,8.24
Female,Hyderabad,8.36,7,2,7,3,5,0,68,3,19,1,9.07
Female,Bengaluru,6.27,10,5,8,1,1,0,77,2,5,1,8.36
Male,Chennai,7.44,3,9,2,2,2,1,62,4,5,1,8.25
Female,Delhi,8.18,9,8,6,2,2,0,90,2,24,1,9.06
Female,Bengaluru,7.7,7,2,8,1,2,0,74,1,16,1,7.62
Male,Bengaluru,7.39,1,9,7,0,1,2,60,4,22,0,0.0
Male,Chennai,8.2,2,5,3,1,2,0,87,1,18,1,8.71
Female,Bengaluru,4.5,1,10,1,0,0,0,82,3,11,0,0.0
Female,Delhi,7.88,9,6,6,1,0,1,92,2,17,1,11.2
Female,Pune,6.55,9,3,8,2,0,2,84,0,29,1,10.19
Female,Bengaluru,5.37,7,3,6,0,2,1,100,2,3,1,9.3
Female,Pune,7.71,10,10,5,2,5,0,97,3,18,1,9.67
Female,Delhi,8.57,3,8,8,1,3,1,71,0,4,1,9.0
Male,Chennai,7.06,5,10,2,1,4,0,63,1,19,1,7.62
Female,Hyderabad,8.15,4,10,1,0,1,0,82,2,9,1,7.75
Female,Bengaluru,8.81,7,2,1,0,2,0,61,1,5,1,9.65
Male,Hyderabad,8.51,9,2,4,3,3,0,100,2,4,1,8.56
Male,Delhi,8.84,2,5,6,1,2,0,82,1,16,1,8.73
Male,Bengaluru,7.94,8,6,9,1,3,1,71,4,10,1,6.24
Male,Pune,7.28,9,2,1,1,5,1,94,2,9,1,9.69
Female,Mumbai,5.6,10,5,1,1,3,0,98,4,16,1,7.42
Female,Hyderabad,6.95,10,7,5,1,1,0,98,1,20,1,7.42
Female,Bengaluru,6.36,9,10,10,1,2,0,59,2,22,1,9.67
Female,Hyderabad,9.37,10,10,5,1,1,2,59,3,30,1,11.14
Female,Bengaluru,7.02,7,8,5,1,2,0,68,1,26,1,8.7
Female,Chennai,7.32,9,7,10,3,1,2,60,3,17,1,8.28
Male,Pune,7.75,9,8,6,2,2,0,61,2,29,1,10.15
Female,Hyderabad,7.24,3,9,8,1,1,0,71,0,18,1,7.47
Male,Mumbai,8.9,4,5,3,0,3,2,63,1,15,1,8.91
Male,Mumbai,6.58,2,5,9,0,3,1,85,3,20,1,9.66
Female,Delhi,7.39,10,10,1,0,3,1,76,1,9,1,9.74
Male,Bengaluru,6.46,3,4,4,4,0,0,99,5,6,1,8.07
Female,Hyderabad,5.88,5,9,9,3,0,1,63,0,6,1,7.83
Male,Delhi,6.59,5,5,8,3,1,1,70,4,11,1,8.46
Female,Hyderabad,7.16,6,2,10,0,1,1,90,1,25,1,9.05
Male,Bengaluru,6.77,7,10,9,1,4,0,88,0,28,1,7.36
Female,Mumbai,6.51,7,8,1,3,1,2,99,4,20,1,10.07
Female,Chennai,5.79,1,7,9,2,2,0,67,1,3,1,7.1
Female,Mumbai,7.12,2,8,3,2,1,0,73,3,23,1,7.99
Female,Delhi,5.7,9,3,10,1,2,2,66,2,12,1,9.55
Female,Pune,7.96,10,4,9,2,0,0,90,1,15,1,9.32
Male,Chennai,7.28,2,5,1,0,4,0,64,3,7,0,0.0
Male,Delhi,5.74,6,6,1,1,2,0,70,1,25,1,8.17
Male,Bengaluru,6.89,1,1,9,0,0,2,82,2,22,0,0.0
Female,Chennai,6.45,3,4,6,1,2,0,73,1,18,1,8.38
Male,Delhi,7.52,2,10,4,1,3,1,94,3,22,1,8.82
Female,Bengaluru,8.54,3,5,7,1,2,2,60,1,15,1,9.52
Female,Mumbai,5.32,5,7,5,0,2,0,58,2,8,1,9.22
Male,Pune,7.32,10,5,10,0,2,1,84,1,22,1,10.45
Male,Bengaluru,7.04,6,1,7,2,0,0,93,1,9,1,7.73
Female,Hyderabad,7.87,9,7,8,3,0,3,85,2,15,1,11.08
Male,Bengaluru,7.41,10,8,8,1,1,0,100,1,16,1,7.25
Female,Bengaluru,6.45,4,7,1,2,3,0,81,1,20,1,7.48
Female,Pune,6.88,7,4,8,0,4,0,99,4,3,1,8.58
Female,Hyderabad,6.4,6,8,6,0,2,1,75,4,27,1,7.06
Female,Delhi,8.28,2,5,4,2,2,1,91,4,5,1,8.97
Female,Delhi,7.22,10,10,8,1,2,0,63,2,3,1,10.11
Male,Bengaluru,9.1,8,9,3,1,0,1,89,2,27,1,8.79
Male,Hyderabad,7.14,7,10,4,1,0,0,96,0,28,1,9.4
Female,Hyderabad,6.49,7,5,6,2,0,0,75,2,2,1,9.62
Female,Pune,5.69,8,1,7,2,0,0,71,1,2,1,6.13
Male,Mumbai,5.4,1,9,4,1,1,0,78,2,4,1,7.72
Male,Delhi,5.62,1,5,4,3,2,0,85,6,3,0,0.0
Female,Pune,7.47,8,6,7,1,3,2,60,1,9,1,7.97
Male,Chennai,7.71,4,4,6,1,6,0,89,0,30,1,7.24
Female,Delhi,5.62,5,6,8,0,3,1,91,3,23,1,7.24
Male,Pune,8.1,8,8,1,1,2,1,67,2,22,1,9.07
Female,Delhi,6.72,5,3,10,0,2,0,79,3,26,1,7.55
Male,Mumbai,7.35,10,5,7,3,0,3,86,3,12,1,9.94
Female,Chennai,8.81,4,2,7,1,1,2,55,1,24,1,9.57
Male,Mumbai,8.1,6,2,7,0,2,1,89,3,9,1,9.51
Male,Chennai,6.93,5,7,7,1,1,0,73,4,19,1,10.04
Female,Bengaluru,6.31,7,10,10,0,1,2,66,2,12,1,9.32
Male,Pune,5.05,10,10,10,0,0,1,94,1,16,1,8.81
Female,Chennai,6.48,7,10,8,0,0,0,94,0,26,1,7.14
Male,Mumbai,6.99,4,6,9,0,3,1,97,2,23,1,9.82
Female,Delhi,6.21,5,4,9,1,1,1,74,0,25,1,9.79
Male,Chennai,7.07,3,5,2,0,1,0,87,4,1,1,7.94
Female,Pune,7.28,4,1,7,0,4,0,83,5,10,1,7.56
Male,Chennai,6.98,4,7,7,2,3,1,70,2,25,1,9.33
Female,Hyderabad,6.55,3,8,4,2,2,1,68,3,30,0,0.0
Male,Delhi,7.37,10,9,9,0,5,0,61,1,23,1,9.76
Female,Pune,7.64,5,8,8,1,2,0,60,5,10,1,10.57
Female,Pune,6.11,5,5,1,1,1,0,75,1,30,1,7.78
Female,Bengaluru,8.61,7,3,2,1,4,0,90,1,4,1,9.64
Male,Mumbai,7.1,4,10,2,0,4,0,76,2,29,1,8.59
Female,Bengaluru,7.22,4,9,8,2,4,0,94,1,11,1,9.76
Male,Pune,7.91,9,6,1,1,3,0,73,3,28,1,9.48
Female,Delhi,7.43,6,5,4,0,1,0,79,1,22,1,8.41
Male,Chennai,8.15,4,3,10,0,3,0,57,2,11,1,7.01
Female,Chennai,7.49,2,6,5,1,0,1,90,3,11,1,8.47
Male,Delhi,6.59,6,3,9,0,0,0,99,4,22,1,8.44
Male,Pune,7.56,2,10,7,1,4,1,88,7,6,1,5.94
Female,Chennai,6.06,5,6,8,1,5,1,65,1,15,1,7.01
Male,Chennai,7.31,6,4,9,1,2,1,96,1,2,1,8.06
Male,Chennai,7.17,4,2,7,1,1,1,81,4,21,1,7.77
Female,Mumbai,6.99,3,8,5,2,1,1,96,3,23,1,8.27
Male,Mumbai,7.07,7,4,5,0,1,0,56,2,22,1,8.68
Male,Hyderabad,5.32,2,9,10,2,3,1,60,1,3,1,7.53
Male,Bengaluru,6.65,6,7,6,1,0,1,100,3,27,1,11.26
Female,Delhi,7.29,4,2,5,2,2,0,56,3,28,1,8.0
Male,Delhi,7.36,6,4,9,2,0,1,96,0,5,1,7.75
Female,Delhi,6.17,4,5,3,0,2,0,71,1,29,1,10.02
Male,Hyderabad,8.47,4,3,3,3,0,3,94,3,24,1,10.7
Male,Mumbai,6.33,4,9,7,0,5,1,68,1,11,1,6.9
Male,Pune,8.17,9,5,7,2,2,0,64,1,21,1,10.9
Female,Pune,7.63,7,2,6,1,2,1,99,2,12,1,6.79
Male,Hyderabad,6.55,3,3,3,1,6,0,87,4,26,1,11.6
Male,Pune,8.98,3,9,7,4,1,0,96,5,3,1,11.14
Female,Delhi,6.01,6,7,5,1,3,2,66,1,9,1,8.96
Male,Bengaluru,8.12,6,2,7,1,0,0,86,2,27,1,10.09
Female,Chennai,8.2,4,9,2,3,1,2,78,0,3,1,9.38
Female,Mumbai,6.53,9,4,6,0,2,0,68,5,2,1,8.07
Male,Mumbai,8.59,4,9,8,1,1,0,59,3,6,1,10.42
Female,Hyderabad,6.95,9,2,1,1,2,0,59,4,24,1,10.64
Male,Mumbai,7.49,4,10,4,1,0,1,86,3,6,1,7.73
Female,Delhi,7.46,2,4,1,2,1,0,99,8,17,1,8.31
Female,Pune,7.07,2,5,1,0,0,3,87,2,8,0,0.0
Male,Delhi,8.01,5,2,10,0,4,0,100,3,1,1,8.85
Female,Hyderabad,7.99,4,10,8,2,2,0,58,2,25,1,8.46
Female,Delhi,5.45,7,1,7,1,1,0,84,6,8,1,9.75
Female,Pune,8.5,5,7,10,1,0,0,95,3,22,1,11.0
Female,Bengaluru,5.54,6,10,1,2,6,1,71,2,15,0,0.0
Female,Hyderabad,8.23,10,1,2,1,1,0,57,4,18,1,10.5
Male,Bengaluru,8.33,4,8,4,2,3,0,67,2,13,1,9.95
Female,Chennai,6.11,2,3,1,0,2,1,98,2,25,1,5.78
Male,Bengaluru,6.79,10,10,3,3,1,1,90,3,8,1,10.23
Female,Chennai,6.09,9,6,8,0,1,0,72,3,29,1,6.94
Male,Chennai,6.99,10,7,8,3,4,0,77,3,20,1,8.53
Male,Bengaluru,6.89,7,10,8,0,1,0,89,1,18,1,7.67
Female,Hyderabad,7.98,4,1,6,2,1,4,87,3,13,1,6.89
Female,Pune,8.51,3,6,6,1,2,0,90,6,14,1,10.16
Female,Delhi,8.6,10,7,5,0,2,1,71,3,15,1,8.58
Male,Delhi,6.64,3,6,9,0,0,1,93,1,6,1,7.71
Female,Pune,6.99,9,4,4,0,2,0,88,2,1,1,9.02
Male,Chennai,5.52,5,1,10,1,1,1,66,2,7,1,8.92
Male,Chennai,6.39,3,9,7,1,3,0,59,2,1,1,6.93
Male,Hyderabad,8.16,5,4,1,0,1,0,94,0,15,0,0.0
Female,Mumbai,8.82,2,7,9,0,2,0,81,1,29,1,8.55
Female,Bengaluru,5.97,4,7,7,1,6,2,94,3,6,1,6.86
Male,Chennai,6.61,10,2,10,0,3,0,67,2,5,1,10.24
Male,Delhi,7.17,2,1,9,3,0,1,80,3,12,1,10.74
Female,Hyderabad,7.48,2,8,7,0,2,0,68,5,26,0,0.0
Male,Bengaluru,6.39,8,8,2,1,4,0,86,1,30,1,7.97
Female,Hyderabad,7.62,1,7,6,1,0,1,65,2,3,1,7.4
Male,Bengaluru,6.73,7,8,10,1,3,0,92,2,22,1,9.66
Female,Bengaluru,7.19,5,3,4,3,2,0,70,0,20,1,8.63
Male,Pune,7.75,8,2,3,2,3,0,76,2,14,1,7.9
Female,Chennai,7.21,1,7,2,3,2,1,70,3,28,1,6.11
Male,Hyderabad,6.76,7,8,6,2,3,0,67,3,6,1,9.16
Female,Hyderabad,7.09,5,1,8,1,1,0,66,6,4,1,7.06
Female,Pune,7.11,4,10,6,3,3,0,72,1,15,1,7.99
Male,Delhi,6.83,7,9,9,0,1,2,83,3,17,1,10.68
Male,Delhi,6.94,10,4,5,2,5,0,72,1,5,1,8.13
Female,Chennai,8.8,2,4,2,0,0,0,100,1,24,1,10.08
Male,Chennai,7.76,1,3,8,2,6,1,56,3,6,1,7.11
Female,Mumbai,6.9,1,6,9,1,3,0,56,5,10,1,9.08
Male,Pune,7.9,1,1,10,1,2,1,57,0,9,1,9.08
Female,Delhi,6.87,5,6,4,0,3,1,83,4,4,1,9.09
Female,Bengaluru,8.37,10,2,6,1,1,0,62,3,26,1,8.9
Female,Hyderabad,7.57,7,9,10,0,3,0,65,1,9,1,9.75
Female,Chennai,7.09,2,2,8,1,1,2,66,0,8,1,8.67
Female,Hyderabad,7.65,10,7,9,2,2,0,86,7,3,1,11.64
Female,Hyderabad,5.63,8,1,5,1,2,0,58,4,30,1,7.69
Male,Mumbai,6.07,4,7,6,0,1,0,63,1,22,0,0.0
Male,Delhi,6.01,3,5,4,1,2,1,78,3,20,1,6.88
Male,Chennai,7.34,10,8,5,2,2,0,70,3,1,1,8.98
Female,Hyderabad,8.93,8,4,7,0,2,1,71,1,25,1,8.82
Female,Chennai,9.43,2,10,9,0,5,0,76,2,20,1,8.45
Female,Bengaluru,7.84,3,7,10,1,1,0,61,3,27,1,8.42
Female,Mumbai,7.7,3,6,6,1,0,1,64,2,30,0,0.0
Male,Bengaluru,5.4,10,5,6,2,4,1,83,2,5,1,9.14
Male,Chennai,6.66,1,4,8,2,4,2,90,2,3,0,0.0
Female,Chennai,6.41,6,7,4,1,3,1,78,2,4,1,8.48
Male,Delhi,6.58,2,5,3,1,4,0,100,0,29,1,9.58
Male,Hyderabad,7.03,1,5,7,4,2,0,68,1,25,1,8.35
Female,Hyderabad,6.73,2,1,5,3,0,1,68,1,23,0,0.0
Male,Bengaluru,5.22,6,2,2,2,0,1,79,2,24,1,9.31
Female,Mumbai,7.95,4,5,2,1,3,0,100,2,19,1,10.54
Male,Pune,6.13,6,3,6,0,4,0,76,1,15,1,9.13
Female,Hyderabad,7.44,9,2,8,0,2,1,77,2,19,1,10.18
Female,Delhi,9.27,10,4,1,1,0,1,86,3,16,1,11.48
Female,Bengaluru,6.28,10,4,6,2,0,0,80,3,30,1,8.57
Female,Bengaluru,4.67,8,4,2,1,1,1,81,1,23,1,7.23
Male,Pune,6.91,1,4,2,0,1,0,99,2,8,1,8.47
Female,Delhi,8.3,8,3,7,3,2,0,66,2,14,1,11.44
Female,Mumbai,9.16,9,7,10,1,0,0,73,1,5,1,10.15
Female,Delhi,5.97,6,9,1,0,0,2,73,3,1,0,0.0
Male,Mumbai,7.7,10,5,6,0,1,1,88,0,19,1,9.48
Female,Delhi,6.73,5,4,7,0,2,3,86,0,5,1,8.81
Male,Delhi,7.09,6,2,8,1,1,0,83,1,3,1,8.07
Female,Chennai,9.84,6,2,7,2,4,0,75,3,30,1,10.32
Male,Bengaluru,5.7,9,5,6,0,2,1,89,2,17,1,9.63
Male,Delhi,7.45,4,7,9,1,3,0,96,3,7,1,6.78
Female,Pune,7.67,2,10,3,2,2,1,59,2,17,1,6.62
Male,Delhi,8.29,9,10,6,1,3,0,66,4,26,1,7.38
Female,Hyderabad,7.3,2,9,4,1,0,0,61,1,13,1,10.07
Female,Bengaluru,7.51,10,7,2,0,4,0,95,2,22,1,8.22
Female,Hyderabad,6.81,9,5,1,0,2,0,56,3,22,1,9.39
Male,Bengaluru,7.47,2,10,1,1,2,1,79,1,14,1,10.5
Male,Hyderabad,6.86,8,10,10,0,1,0,64,2,23,1,9.26
Female,Delhi,7.82,9,10,3,3,2,1,92,3,12,1,9.93
Female,Delhi,6.83,10,6,4,2,1,1,98,4,11,1,8.08
Male,Chennai,7.58,9,3,2,2,1,1,60,2,1,1,9.63
Female,Pune,7.17,10,5,1,0,0,0,81,2,27,1,8.02
Female,Hyderabad,8.33,9,8,4,1,3,1,89,2,3,1,7.21
Female,Mumbai,7.15,2,1,7,3,5,1,64,2,12,1,8.31
Male,Chennai,5.43,4,1,10,0,2,0,63,1,9,1,8.27
Male,Hyderabad,8.46,7,7,6,2,1,2,74,3,2,1,8.67
Male,Hyderabad,6.29,2,5,6,1,0,0,91,3,14,1,7.05
Female,Chennai,6.55,1,5,9,0,1,0,89,1,5,1,7.66
Female,Delhi,6.6,3,1,2,0,2,0,91,4,3,0,0.0
Female,Hyderabad,8.57,4,9,4,0,0,0,94,3,12,1,9.87
Male,Delhi,5.06,8,1,5,0,2,0,62,5,12,1,8.77
Female,Chennai,9.9,6,5,1,1,1,0,100,2,29,1,11.64
Female,Delhi,8.26,2,10,8,2,1,0,85,4,21,1,8.2
Female,Bengaluru,7.42,9,9,8,3,5,1,97,3,7,1,9.26
Female,Mumbai,7.15,2,4,6,0,0,0,70,3,1,1,8.45
Male,Hyderabad,7.49,5,8,5,4,2,0,82,1,3,1,8.27
Male,Pune,7.72,4,6,8,1,0,3,60,0,11,1,6.3
Female,Mumbai,7.85,7,3,3,0,0,1,86,0,13,1,9.62
Male,Delhi,7.76,8,4,3,1,0,0,82,5,22,1,11.98
Male,Hyderabad,7.29,5,2,2,2,3,1,65,2,23,1,9.85
Female,Delhi,7.0,10,1,5,3,4,3,96,5,10,1,11.5
Female,Bengaluru,7.05,5,8,3,1,4,0,77,0,19,1,9.64
Male,Chennai,7.01,2,1,3,1,1,0,84,1,4,1,8.01
Female,Hyderabad,8.33,8,1,6,1,2,1,63,3,22,1,10.1
Male,Bengaluru,7.79,2,4,8,1,2,1,82,0,5,1,9.75
Female,Bengaluru,4.5,10,10,2,2,1,0,78,2,11,1,6.35
Male,Hyderabad,7.86,6,10,4,0,3,0,82,3,9,1,9.5
Female,Delhi,7.39,8,6,7,3,3,0,78,3,13,1,8.93
Male,Pune,7.18,6,9,1,0,2,1,69,3,28,1,10.51
Male,Bengaluru,6.81,4,1,1,4,1,0,93,3,17,1,8.81
Male,Mumbai,8.32,4,7,10,1,3,0,87,1,15,1,5.94
Female,Bengaluru,8.15,6,10,7,1,0,0,88,2,13,1,9.6
Male,Pune,6.43,4,5,7,0,3,0,76,0,21,1,5.76
Male,Delhi,7.61,8,8,1,2,2,0,83,3,11,1,10.65
Female,Delhi,6.23,9,7,1,2,1,1,88,3,1,1,7.84
Female,Mumbai,5.82,1,4,4,2,3,0,96,0,8,0,0.0
Male,Bengaluru,6.57,4,4,5,1,3,1,64,2,23,1,7.35
Male,Delhi,8.06,4,6,5,3,2,0,99,0,5,1,7.73
Female,Pune,8.15,2,6,4,3,3,1,84,5,22,1,8.41
Female,Hyderabad,7.71,6,9,8,2,2,1,65,1,16,1,7.89
Female,Chennai,7.93,3,5,7,1,1,2,88,4,4,1,8.27
Female,Chennai,7.72,7,8,9,1,3,0,75,1,25,1,7.19
Female,Chennai,6.56,5,5,7,1,1,0,67,3,30,1,8.09
Male,Bengaluru,7.63,4,2,10,1,2,0,79,1,19,1,10.36
Female,Mumbai,8.0,5,6,1,0,2,2,75,1,18,0,0.0
Male,Delhi,7.95,8,9,7,3,4,1,55,4,23,1,9.99
Male,Hyderabad,8.39,3,3,1,3,1,1,59,2,29,1,7.29
Male,Pune,7.91,7,1,7,3,1,1,76,2,2,1,9.8
Female,Hyderabad,7.55,6,1,10,0,2,1,61,3,13,1,10.23
Male,Pune,8.27,1,3,8,1,3,1,67,1,16,1,10.22
Male,Bengaluru,7.17,7,10,9,0,1,0,99,2,22,1,9.09
Female,Chennai,6.32,7,5,3,0,1,2,77,2,27,1,9.36
Male,Bengaluru,7.04,1,3,4,1,2,1,75,4,8,1,6.55
Male,Mumbai,6.46,9,9,4,1,1,2,60,2,19,1,8.38
Female,Mumbai,6.52,6,8,9,1,2,1,74,3,3,1,7.54
Male,Pune,7.06,2,3,7,0,2,0,66,1,19,1,8.61
Male,Delhi,6.41,5,9,3,2,1,3,94,2,17,0,0.0
Male,Delhi,6.89,4,6,10,1,1,1,63,5,9,1,9.22
Female,Pune,5.31,7,7,5,3,2,1,82,3,21,1,11.16
Female,Mumbai,7.41,8,4,7,1,1,1,65,1,25,1,9.8
Female,Mumbai,7.2,1,4,8,2,2,1,86,2,21,1,9.83
Male,Mumbai,6.38,5,2,1,1,2,3,65,3,23,1,6.91
Male,Bengaluru,7.86,3,5,2,1,3,1,78,0,17,1,8.51
Female,Mumbai,8.14,1,8,7,1,3,2,69,3,25,1,8.73
Male,Hyderabad,5.59,3,7,2,2,2,0,95,1,1,1,7.89
Male,Chennai,6.44,6,7,7,1,4,0,89,3,4,1,10.69
Female,Mumbai,6.43,7,6,9,1,4,0,71,1,23,1,7.7
Female,Pune,6.26,8,3,2,2,1,1,79,2,27,1,9.04
Male,Chennai,8.03,4,5,7,2,3,0,89,0,15,1,5.88
Male,Bengaluru,7.01,3,1,4,0,1,0,73,3,12,1,8.82
Male,Pune,6.94,5,7,2,2,0,1,95,4,25,1,9.14
Female,Chennai,5.2,9,9,7,0,3,0,85,2,17,1,8.34
Female,Pune,7.84,6,1,5,0,3,0,71,2,12,1,9.44
Female,Bengaluru,5.96,9,2,1,1,0,0,77,1,16,1,7.99
Female,Hyderabad,7.26,6,3,5,2,0,1,55,4,30,1,7.3
Male,Bengaluru,7.48,2,3,3,1,4,2,64,0,13,1,7.17
Female,Bengaluru,8.56,5,8,7,1,1,2,62,2,11,1,8.07
Female,Pune,5.89,9,7,6,2,4,1,96,2,15,1,7.09
Female,Delhi,4.5,8,6,8,0,2,0,80,1,29,1,6.44
Female,Mumbai,7.38,7,10,5,1,2,1,88,1,16,1,7.93
Female,Mumbai,9.0,1,10,2,2,3,2,73,5,6,1,8.34
Male,Hyderabad,8.44,4,4,9,3,2,1,68,2,27,1,9.09
Male,Hyderabad,7.41,7,9,8,0,2,0,62,4,26,1,7.46
Female,Mumbai,6.71,7,1,6,0,0,1,55,1,11,1,7.57
Male,Delhi,8.01,6,2,10,1,3,1,79,3,15,1,8.29
Female,Mumbai,6.23,8,4,7,1,2,0,78,2,5,1,9.16
Female,Delhi,7.68,6,3,9,1,2,1,74,1,3,1,7.47
Male,Hyderabad,7.71,10,1,7,0,1,0,84,2,26,1,8.78
Male,Chennai,8.26,3,5,3,1,1,0,59,0,2,1,9.92
Female,Pune,9.9,4,7,6,1,1,1,57,2,1,1,8.49
Female,Hyderabad,7.59,3,2,7,1,3,1,86,3,15,1,7.02
Female,Hyderabad,6.69,1,5,2,0,1,2,71,2,2,1,7.86
Male,Bengaluru,7.17,10,6,3,0,4,1,96,4,28,1,8.21
Female,Bengaluru,5.43,5,7,4,2,2,1,59,3,29,1,4.69
Female,Bengaluru,6.51,1,1,10,0,1,1,65,2,20,1,8.14
Female,Pune,6.79,1,7,6,1,1,2,92,2,6,1,9.04
Male,Bengaluru,6.68,2,4,1,2,3,1,58,3,12,1,8.05
Female,Delhi,7.35,4,8,9,0,2,0,93,1,21,1,9.8
Female,Mumbai,6.38,6,4,5,2,0,0,73,6,16,1,9.23
Male,Chennai,8.32,8,6,7,1,3,0,93,0,14,1,8.35
Female,Hyderabad,7.2,3,9,9,0,1,0,100,2,4,1,10.84
Female,Delhi,7.19,1,5,9,1,0,0,77,2,8,1,8.52
Male,Chennai,6.87,3,4,1,2,6,0,71,2,12,1,8.78
Female,Delhi,7.36,3,8,1,0,1,1,67,0,23,1,7.24
Male,Delhi,8.03,5,9,3,1,4,0,81,1,14,1,7.06
Male,Hyderabad,6.33,4,4,6,1,3,0,55,3,20,1,6.9
Female,Mumbai,6.54,4,3,2,1,3,0,56,2,26,1,9.37
Female,Bengaluru,6.9,9,8,10,0,3,0,72,3,13,1,11.05
Female,Pune,5.85,7,5,1,0,3,2,90,0,29,1,8.73
Female,Mumbai,6.38,4,2,1,0,1,1,99,2,5,0,0.0
Male,Pune,6.72,3,10,5,1,0,0,87,1,12,1,9.37
Female,Hyderabad,8.07,6,9,4,0,1,0,90,1,10,1,10.7
Male,Hyderabad,7.46,3,3,1,0,1,1,56,2,21,0,0.0
Female,Hyderabad,7.39,6,2,4,3,0,1,58,2,19,1,10.76
Female,Chennai,8.05,9,1,3,1,1,0,70,0,13,1,8.94
Female,Pune,7.06,6,8,2,2,3,3,58,2,9,1,9.99
Male,Mumbai,7.59,4,3,9,0,0,3,63,2,11,1,7.36
Female,Mumbai,7.1,5,7,1,0,0,1,75,1,5,1,9.83
Female,Delhi,7.47,6,1,7,2,2,0,77,2,28,1,7.11
Female,Delhi,6.62,3,1,4,0,1,2,56,4,13,0,0.0
Female,Delhi,4.76,8,9,5,2,4,0,57,2,10,1,8.9
Male,Hyderabad,7.07,4,8,10,1,0,0,77,2,18,1,6.57
Female,Mumbai,8.62,8,3,5,3,2,2,80,1,29,1,11.01
Male,Pune,8.13,10,6,1,2,4,1,61,1,15,1,8.37
Male,Hyderabad,8.17,10,3,6,1,2,1,90,1,20,1,10.93
Male,Chennai,8.44,3,4,9,2,4,0,98,2,12,1,8.99
Male,Delhi,7.29,10,1,2,1,1,1,87,3,4,1,7.76
Male,Hyderabad,7.4,7,5,7,1,2,0,90,1,5,1,7.71
Male,Hyderabad,6.58,9,1,6,0,0,0,58,4,8,1,13.57
Female,Chennai,6.88,4,1,5,1,2,0,77,1,5,1,11.16
Male,Bengaluru,7.82,8,10,4,1,2,0,79,0,1,1,8.94
Male,Mumbai,8.4,3,7,4,2,4,4,95,2,18,1,9.31
Male,Pune,7.06,7,6,6,0,1,0,80,3,19,1,10.25
Female,Bengaluru,6.75,3,2,4,2,5,0,82,2,19,1,6.67
Female,Delhi,7.2,7,2,5,1,1,2,82,5,10,1,9.69
Male,Hyderabad,7.8,10,7,6,1,0,0,75,1,22,1,10.61
Female,Chennai,5.76,10,1,5,0,3,1,64,4,9,1,9.15
Male,Chennai,4.9,6,2,7,0,1,1,81,5,26,1,9.6
Male,Mumbai,6.65,2,8,9,0,3,1,69,4,1,1,8.25
Female,Bengaluru,5.98,3,6,10,0,4,3,71,2,22,1,9.28
Male,Mumbai,6.69,6,2,7,1,0,0,93,3,25,1,8.85
Female,Hyderabad,7.05,4,7,7,0,1,0,89,1,20,1,6.61
Female,Mumbai,6.75,6,4,4,0,2,0,59,3,26,1,9.71
Male,Pune,8.65,1,2,1,2,1,2,70,2,3,0,0.0
Male,Chennai,7.53,10,6,8,1,4,0,77,2,13,1,9.15
Female,Chennai,7.5,1,9,4,1,1,0,93,2,6,1,6.64
Male,Delhi,7.82,3,9,1,3,4,2,63,2,6,1,9.64
Male,Delhi,6.06,8,8,5,2,0,0,87,0,29,1,8.96
Male,Hyderabad,8.24,8,3,8,1,0,2,89,0,18,1,9.7
Female,Pune,7.12,4,3,4,0,2,2,94,1,5,1,8.7
Female,Bengaluru,7.87,6,2,8,0,4,1,78,1,17,1,10.18
Male,Mumbai,6.13,8,5,8,1,4,1,78,5,29,1,8.95
Female,Hyderabad,5.65,7,4,3,1,1,0,78,1,25,1,7.75
Female,Delhi,8.02,7,7,9,1,3,0,73,4,25,1,7.21
Female,Mumbai,7.58,4,4,3,1,1,0,93,1,3,1,8.08
Female,Delhi,6.3,9,9,1,0,1,0,79,1,5,1,9.88
Female,Mumbai,6.33,10,2,2,1,1,1,85,0,3,1,8.51
Male,Bengaluru,8.33,6,6,6,2,2,1,92,3,23,1,10.22
Male,Hyderabad,6.01,3,7,10,2,3,0,79,2,13,1,6.27
Male,Mumbai,8.84,5,4,2,2,3,1,81,2,15,1,7.98
Female,Pune,6.3,5,6,6,0,0,1,86,2,17,1,7.02
Female,Chennai,7.84,5,7,1,2,0,1,65,5,15,1,9.01
Male,Pune,6.87,8,4,1,0,0,4,59,3,5,1,11.01
Female,Pune,7.8,9,8,5,1,1,1,98,0,22,1,12.0
Male,Chennai,6.66,9,9,10,2,2,1,87,6,14,1,10.18
Male,Pune,7.04,6,1,9,3,3,2,73,5,11,1,6.33
Male,Mumbai,7.24,6,7,8,2,2,0,97,0,28,1,7.85
Female,Mumbai,6.2,9,9,3,0,3,0,70,0,14,1,5.1
Female,Mumbai,7.94,4,10,3,0,3,1,89,3,7,1,8.96
Male,Chennai,6.69,6,5,1,2,4,2,65,1,3,1,10.51
Male,Pune,6.97,4,2,3,2,2,1,65,1,23,1,9.4
Male,Chennai,6.21,1,10,1,1,1,3,64,6,20,1,5.67
Male,Mumbai,4.64,7,6,8,1,2,1,88,1,10,1,9.63
Female,Pune,7.01,10,7,1,1,2,1,59,1,11,1,10.6
Female,Pune,9.61,6,2,5,0,2,2,77,3,30,1,11.44
Male,Delhi,7.98,9,2,9,1,1,2,79,4,6,1,10.7
Male,Delhi,7.18,7,10,7,1,1,1,83,1,5,1,8.22
Female,Bengaluru,6.94,7,10,4,1,0,1,94,0,20,1,6.54
Female,Hyderabad,7.22,2,1,9,1,0,1,67,0,22,1,9.67
Male,Delhi,7.75,9,4,9,3,2,1,86,3,13,1,10.22
Male,Chennai,6.02,10,7,2,1,1,0,88,3,12,1,6.44
Male,Delhi,8.31,9,9,10,1,6,1,66,1,19,1,8.33
Female,Bengaluru,7.92,6,3,10,2,1,3,78,2,19,1,7.87
Female,Pune,7.92,3,7,6,1,1,0,94,4,21,1,9.5
Female,Bengaluru,7.64,1,7,4,3,1,0,75,1,27,1,8.28
Male,Pune,7.22,4,7,8,0,2,1,83,2,5,1,8.19
Male,Pune,7.87,3,2,7,2,4,1,77,3,25,1,8.11
Female,Hyderabad,7.79,1,6,7,2,2,1,87,2,20,1,7.0
Female,Delhi,6.85,3,2,10,0,1,1,62,3,21,1,9.42
Male,Chennai,6.63,4,6,9,0,1,0,96,2,28,1,7.43
Female,Chennai,7.3,8,10,5,2,1,1,67,0,9,1,10.41
Female,Mumbai,8.75,9,3,6,3,0,1,59,2,4,1,7.97
Male,Pune,5.96,3,2,1,1,4,0,95,2,29,1,7.36
Female,Chennai,5.73,6,6,6,2,1,1,64,4,15,1,10.58
Male,Hyderabad,7.36,10,2,2,1,3,1,68,2,3,1,9.56
Male,Pune,7.25,5,5,6,1,3,1,78,4,23,1,8.05
Male,Hyderabad,7.37,6,2,9,1,3,0,65,3,7,1,8.05
Male,Chennai,7.44,4,3,8,0,2,1,100,2,24,1,7.54
Male,Chennai,6.98,10,3,9,1,2,0,57,0,20,1,9.69
Male,Mumbai,8.69,6,6,10,0,3,1,83,2,20,1,10.34
Male,Chennai,5.6,7,6,8,1,2,0,84,5,14,1,8.6
Female,Pune,6.37,9,10,3,0,0,0,91,1,14,1,8.74
Male,Pune,7.1,10,3,8,1,3,0,61,2,9,1,9.91
Male,Pune,5.56,7,3,6,3,2,0,71,3,26,1,6.6
Female,Mumbai,7.02,6,1,6,0,4,0,74,2,23,1,9.13
Female,Mumbai,8.86,1,7,6,0,2,0,65,2,3,1,9.24
Female,Chennai,7.22,2,8,3,3,1,2,98,2,29,1,8.59
Male,Bengaluru,7.43,1,2,10,0,3,0,79,4,9,1,7.55
Female,Bengaluru,5.94,9,4,1,1,2,1,78,3,29,1,7.73
Male,Mumbai,6.58,10,10,4,0,2,2,56,0,21,1,7.44
Male,Chennai,6.82,10,7,10,3,0,0,81,2,4,1,10.85
Male,Bengaluru,6.88,9,8,6,2,0,2,73,1,17,1,8.92
Male,Chennai,8.48,7,1,10,2,4,1,83,0,25,1,8.8
Female,Chennai,7.76,2,4,2,4,1,0,91,1,6,1,7.83
Female,Chennai,6.09,6,6,7,0,2,2,65,2,16,1,7.2
Male,Delhi,7.45,4,3,7,1,1,1,73,4,27,1,7.94
Male,Pune,7.7,1,5,4,2,1,0,82,4,18,1,9.77
Male,Chennai,8.34,1,10,4,1,1,1,93,3,13,1,9.24
Female,Delhi,8.78,5,9,1,2,2,1,75,0,7,1,10.17
Male,Mumbai,6.18,2,3,2,2,3,2,80,2,3,1,9.05
Male,Bengaluru,6.39,4,5,9,0,2,0,76,2,6,1,10.86
Female,Pune,5.94,1,8,10,2,1,2,60,0,24,1,7.73
Female,Bengaluru,6.97,4,6,8,0,1,0,65,3,3,1,7.91
Male,Pune,7.67,6,4,8,2,2,0,68,2,29,1,9.43
Female,Bengaluru,8.19,10,8,9,0,1,0,90,1,28,1,10.34
Female,Pune,7.12,4,3,7,2,3,0,94,2,12,1,8.43
Male,Bengaluru,6.88,1,3,9,1,2,2,95,1,5,1,6.96
Female,Bengaluru,7.35,7,4,10,2,1,0,56,4,30,1,9.14
Male,Bengaluru,6.36,2,9,2,3,3,0,97,2,22,1,8.62
Female,Bengaluru,9.29,9,5,6,1,3,1,74,1,17,1,10.25
Male,Mumbai,5.59,3,8,3,1,4,1,76,3,10,1,5.61
Male,Chennai,7.38,8,6,6,1,0,1,93,2,7,1,7.13
Male,Hyderabad,9.22,8,3,3,1,4,0,58,0,4,1,10.55
Female,Delhi,7.21,3,8,8,3,2,1,83,0,10,1,7.94
Male,Hyderabad,7.01,4,9,4,1,2,0,100,3,27,1,11.1
Female,Hyderabad,6.84,2,8,10,0,0,0,78,1,7,0,0.0
Male,Pune,7.02,4,4,6,2,1,0,55,2,23,1,6.92
Male,Chennai,8.57,9,6,9,2,4,0,78,2,11,1,10.81
Female,Pune,4.99,2,1,2,0,2,2,84,1,21,0,0.0
Male,Chennai,8.73,3,4,2,1,3,0,66,3,8,1,8.38
Male,Chennai,5.78,4,8,7,0,2,0,73,1,8,1,7.9
Female,Bengaluru,6.93,5,1,2,1,6,1,91,3,5,0,0.0
Male,Mumbai,6.77,1,3,2,1,2,1,94,5,5,0,0.0
Male,Bengaluru,7.79,7,1,4,1,3,2,97,3,7,1,10.96
Male,Mumbai,5.6,10,9,9,3,0,3,58,6,22,1,5.55
Male,Pune,7.66,7,2,8,0,2,0,69,2,4,1,8.21
Female,Mumbai,9.22,9,9,2,1,3,0,74,1,2,1,9.3
Female,Pune,5.84,4,4,8,3,3,2,98,2,24,1,8.21
Male,Hyderabad,7.39,6,2,4,0,3,1,74,2,19,1,7.32
Female,Hyderabad,6.54,2,4,2,1,3,3,75,0,2,0,0.0
Male,Mumbai,7.63,4,10,10,0,1,0,64,3,16,1,6.45
Female,Mumbai,7.22,2,6,7,1,2,1,84,2,12,1,6.08
Male,Pune,6.56,10,7,6,1,2,0,78,3,15,1,9.07
Male,Bengaluru,7.69,5,3,10,4,1,2,94,4,10,1,7.25
Male,Pune,9.0,7,3,5,1,1,0,94,1,23,1,9.74
Male,Bengaluru,7.01,1,10,1,0,3,1,92,2,26,1,7.19
Male,Hyderabad,7.92,10,8,2,1,4,0,57,1,6,1,10.44
Male,Chennai,5.91,10,5,8,1,1,1,83,1,24,1,7.66
Female,Mumbai,6.24,7,4,1,1,0,0,62,0,13,1,10.26
Male,Bengaluru,7.67,10,7,3,0,2,1,83,5,30,1,10.14
Female,Pune,8.68,6,7,2,0,1,1,64,3,6,1,8.35
Male,Hyderabad,7.56,6,9,5,0,2,1,59,4,23,1,9.62
Female,Bengaluru,6.89,8,9,4,0,3,1,65,1,2,1,9.05
Female,Pune,7.2,8,5,7,1,2,1,58,3,26,1,9.92
Female,Mumbai,5.95,6,8,5,1,0,0,89,1,14,1,9.02
Male,Mumbai,7.8,3,10,8,2,1,1,94,3,18,1,9.02
Male,Delhi,8.08,5,1,4,1,1,0,66,2,6,1,9.01
Female,Chennai,6.75,2,9,6,1,0,0,75,3,25,1,9.19
Male,Delhi,6.73,5,8,4,2,4,1,70,2,30,1,9.86
Female,Hyderabad,7.47,9,6,2,1,1,0,68,3,19,1,9.36
Male,Bengaluru,6.76,10,3,1,2,2,0,75,1,27,1,9.79
Female,Hyderabad,7.13,1,3,1,0,0,1,81,2,26,0,0.0
Female,Pune,9.3,10,8,8,2,4,0,90,2,14,1,11.88
Male,Mumbai,6.95,5,5,4,0,0,0,55,0,30,1,10.25
Female,Delhi,6.84,6,10,5,2,1,0,55,4,13,1,9.85
Male,Delhi,6.55,7,7,8,1,2,0,76,1,8,1,8.14
Female,Delhi,7.94,9,5,7,1,3,0,69,1,5,1,7.78
Female,Hyderabad,7.02,6,8,8,3,1,0,74,1,13,1,9.35
Male,Mumbai,6.55,5,10,8,0,2,2,57,2,6,1,9.05
Male,Bengaluru,8.52,7,10,6,1,4,1,68,3,22,1,8.85
Male,Pune,8.62,1,4,10,2,6,1,63,1,27,1,7.04
Female,Bengaluru,6.6,5,2,2,0,0,0,73,1,28,1,10.4
Male,Hyderabad,5.33,2,3,6,0,1,0,94,1,26,1,8.12
Female,Pune,8.21,4,8,1,3,1,1,88,1,27,1,7.4
Female,Delhi,6.52,7,7,1,1,2,0,58,1,29,1,8.47
Male,Chennai,7.99,5,2,3,0,0,0,87,7,19,1,7.28
Male,Hyderabad,5.23,6,6,3,1,3,0,97,4,11,1,8.87
Female,Hyderabad,8.09,2,9,5,0,5,1,91,3,27,1,10.79
Female,Mumbai,5.99,3,4,1,2,1,0,56,0,16,1,7.73
Male,Bengaluru,7.93,7,9,10,1,4,0,81,3,5,1,9.0
Male,Hyderabad,7.21,2,2,6,4,2,0,99,2,12,1,7.93
Male,Hyderabad,6.25,6,2,7,1,2,1,71,1,17,1,8.14
Male,Delhi,6.79,5,9,10,1,3,2,85,1,2,1,7.55
Male,Delhi,7.89,10,7,3,1,2,0,95,2,10,1,11.12
Female,Pune,7.31,1,7,4,2,4,0,60,3,15,1,8.41
Female,Chennai,7.78,10,1,10,1,2,2,85,0,19,1,9.5
Female,Mumbai,9.18,4,6,10,0,6,0,57,0,20,1,8.92
Female,Chennai,5.64,2,7,10,2,1,0,94,3,29,1,6.19
Male,Pune,8.82,4,6,10,1,2,1,57,3,25,1,10.19
Male,Delhi,7.3,1,6,10,0,3,1,87,1,17,1,9.88
Male,Bengaluru,6.3,2,2,3,2,1,1,67,2,19,1,5.71
Female,Delhi,5.87,8,6,1,1,1,0,75,2,19,1,9.37
Female,Mumbai,7.01,6,4,8,1,3,2,91,3,13,1,9.71
Male,Delhi,8.12,2,9,10,0,2,0,70,0,13,1,10.12
Male,Mumbai,7.07,6,1,10,0,1,1,75,1,16,1,10.14
Female,Mumbai,8.71,10,8,2,1,4,0,98,2,22,1,12.91
Female,Mumbai,5.75,9,5,1,3,2,1,67,3,21,1,9.07
Male,Pune,7.19,7,1,8,1,1,1,58,2,3,1,10.05
Male,Mumbai,5.95,9,4,7,1,2,1,85,4,4,1,8.68
Female,Mumbai,7.56,5,1,7,4,3,1,63,1,27,1,7.78
Male,Bengaluru,8.09,7,6,4,3,1,2,87,1,7,1,10.02
Male,Chennai,6.78,7,2,9,3,0,0,91,1,3,1,9.91
Male,Hyderabad,4.6,3,5,6,2,1,1,91,3,9,1,7.88
Female,Chennai,7.4,7,7,2,2,0,1,78,2,8,1,6.94
Female,Mumbai,7.64,1,2,1,1,1,0,79,6,29,0,0.0
Female,Bengaluru,7.6,9,6,1,1,2,0,95,2,18,1,10.16
Female,Delhi,8.44,10,6,9,0,1,0,83,1,21,1,9.22
Female,Bengaluru,6.13,6,5,4,3,4,0,94,4,14,1,8.79
Female,Mumbai,7.88,5,5,5,1,1,1,90,1,20,1,9.44
Female,Bengaluru,8.39,7,3,3,1,2,4,69,1,28,1,9.14
Male,Bengaluru,5.42,5,10,4,1,0,1,99,1,29,1,7.69
Male,Mumbai,7.52,10,10,8,0,0,0,72,0,5,1,9.18
Male,Pune,6.7,5,2,4,1,5,1,74,1,3,1,9.15
Male,Bengaluru,7.12,10,7,9,0,0,3,59,3,10,1,9.77
Male,Hyderabad,7.55,7,1,9,3,0,1,72,7,11,1,8.02
Male,Hyderabad,6.71,10,6,6,3,1,1,94,3,17,1,9.03
Male,Bengaluru,6.52,7,6,2,3,0,1,55,4,8,1,7.35
Female,Pune,7.23,3,3,10,0,1,0,73,2,9,1,9.01
Female,Delhi,6.11,3,2,7,0,1,0,77,2,8,0,0.0
Male,Mumbai,6.11,10,2,9,0,3,0,80,1,20,1,9.7
Male,Hyderabad,7.88,3,9,6,1,1,1,83,2,28,1,8.33
Female,Delhi,6.05,6,5,3,0,1,0,88,1,2,1,9.71
Male,Bengaluru,7.87,6,7,7,0,3,1,73,4,4,1,10.57
Male,Delhi,7.66,3,5,5,0,2,0,72,1,30,1,9.07
Female,Chennai,5.47,3,7,1,0,3,1,56,3,16,0,0.0
Male,Hyderabad,6.52,8,4,3,2,1,0,81,4,9,1,7.62
Female,Bengaluru,8.39,8,8,5,1,0,0,60,2,26,1,10.55
Male,Mumbai,6.22,7,10,7,0,0,0,93,1,9,1,8.44
Female,Pune,6.74,10,10,3,3,1,1,60,2,21,1,9.12
Female,Bengaluru,7.66,4,7,6,0,6,1,60,4,5,1,8.19
Female,Mumbai,7.98,4,10,5,3,0,0,85,5,26,1,7.11
Male,Pune,6.95,3,5,1,3,5,0,95,1,3,1,9.58
Female,Pune,6.6,5,6,10,3,1,2,94,1,14,1,8.31
Male,Bengaluru,8.62,3,5,6,2,3,1,84,1,15,1,6.64
Male,Delhi,8.94,8,7,8,2,3,0,75,3,6,1,9.42
Male,Delhi,8.18,7,2,1,2,2,0,95,2,16,1,7.58
Male,Pune,7.29,3,5,2,3,2,0,98,3,23,1,9.12
Female,Delhi,6.39,9,10,4,1,2,0,72,1,28,1,9.36
Female,Chennai,6.37,5,3,2,1,2,0,77,2,10,1,10.14
Male,Pune,7.72,9,9,9,2,4,0,92,0,14,1,7.51
Male,Pune,7.62,7,6,10,0,2,0,77,2,12,1,10.73
Female,Mumbai,8.6,7,10,8,2,1,0,82,2,9,1,9.97
Male,Delhi,7.85,6,3,8,3,2,0,90,0,23,1,7.33
Female,Pune,5.7,2,7,4,1,3,1,79,2,19,1,9.93
Male,Chennai,8.25,9,4,5,1,3,1,61,5,12,1,9.32
Male,Mumbai,6.2,6,3,4,3,1,0,72,3,13,0,0.0
Female,Bengaluru,6.82,8,8,9,0,3,0,74,3,23,1,10.09
Male,Pune,7.45,1,4,2,0,3,0,59,5,13,1,6.92
Female,Chennai,9.2,5,1,8,2,1,1,72,2,17,1,10.71
Male,Hyderabad,9.9,1,6,2,3,1,0,96,5,2,1,8.85
Male,Chennai,7.81,10,10,1,2,0,0,94,1,20,1,9.01
Male,Chennai,7.02,8,1,10,0,1,1,87,2,23,1,7.36
Female,Mumbai,7.73,8,5,3,1,2,1,69,3,9,1,7.91
Male,Bengaluru,8.09,1,7,9,1,4,1,89,0,21,1,8.64
Male,Hyderabad,6.88,9,6,3,1,3,0,100,2,8,1,7.02
Male,Delhi,9.0,2,2,9,1,1,2,55,2,7,1,9.72
Male,Delhi,7.43,9,4,7,0,3,0,75,3,5,1,8.55
Female,Chennai,7.7,1,2,10,1,4,2,62,4,29,1,7.84
Female,Mumbai,7.87,10,1,1,1,2,1,61,5,19,1,10.15
Male,Mumbai,7.62,9,3,10,3,3,0,95,3,3,1,9.0
Female,Delhi,8.04,4,3,5,0,1,1,98,0,13,0,0.0
Male,Hyderabad,6.58,9,7,9,0,0,2,94,3,6,1,6.42
Male,Bengaluru,6.64,7,1,3,0,1,0,94,3,26,1,9.62
Male,Hyderabad,6.1,6,9,9,0,1,0,84,3,11,1,8.38
Female,Pune,7.64,5,6,5,1,3,0,92,4,4,1,7.98
Female,Pune,7.98,9,4,9,1,1,1,89,2,3,1,10.51
Female,Bengaluru,7.66,2,3,10,1,4,0,56,2,4,1,9.13
Female,Delhi,8.87,2,3,6,0,4,2,100,0,3,1,9.12
Female,Bengaluru,7.19,9,2,9,1,1,0,62,2,13,1,8.79
Female,Mumbai,7.87,3,2,7,0,1,1,92,1,15,1,7.77
Female,Pune,6.11,8,10,7,2,1,1,58,3,12,1,7.3
Female,Chennai,6.81,9,5,8,0,3,1,91,2,15,1,10.6
Female,Chennai,7.9,8,9,7,4,3,0,75,4,26,1,10.22
Male,Delhi,8.05,4,2,9,0,2,0,67,3,11,0,0.0
Female,Mumbai,6.91,1,2,9,1,2,0,63,2,11,0,0.0
Female,Hyderabad,7.13,4,6,6,2,4,0,99,2,13,1,10.92
Female,Mumbai,5.68,9,10,7,4,1,0,83,3,12,1,7.73
Female,Chennai,6.84,2,2,2,0,2,2,95,3,6,0,0.0
Female,Chennai,8.09,3,4,9,2,2,1,78,4,29,1,10.87
Female,Pune,7.78,10,6,1,1,2,2,70,1,23,1,9.36
Female,Mumbai,7.7,8,5,1,0,3,2,66,1,20,1,11.24
Female,Mumbai,7.25,6,1,3,1,2,2,56,3,19,1,9.21
Female,Chennai,7.21,8,6,6,1,1,2,73,5,19,1,8.37
Female,Hyderabad,6.54,7,1,5,1,3,0,84,2,27,1,8.39
Female,Delhi,7.9,5,3,2,1,2,0,70,2,3,1,8.0
Male,Delhi,7.62,9,10,9,0,2,2,78,0,16,1,10.08
Male,Mumbai,7.69,4,5,10,1,4,3,67,3,9,1,10.14
Female,Delhi,6.67,6,10,4,2,0,1,59,2,27,1,9.12
Female,Chennai,5.05,2,5,4,2,5,1,77,1,27,1,7.85
Male,Chennai,8.3,2,10,5,0,1,1,92,1,14,1,7.4
Female,Mumbai,6.72,2,6,8,2,1,1,85,3,30,1,9.4
Male,Mumbai,6.34,10,10,10,1,2,0,71,2,28,1,9.93
Male,Pune,7.89,7,8,4,2,1,0,57,3,3,1,9.44
Male,Mumbai,6.81,2,5,5,1,1,0,80,1,3,0,0.0
Male,Hyderabad,8.26,2,1,4,0,0,0,67,0,24,0,0.0
Male,Delhi,7.82,9,5,6,2,1,2,98,1,20,1,8.23
Female,Mumbai,7.88,7,3,3,2,1,1,92,3,7,1,7.33
Male,Bengaluru,5.83,3,4,8,2,1,0,76,3,19,1,7.54
Female,Pune,8.41,3,8,6,4,1,1,75,3,24,1,7.77
Female,Bengaluru,7.46,7,7,10,2,0,1,83,3,3,1,8.34
Male,Chennai,6.83,5,5,5,0,3,1,99,5,21,1,7.9
Male,Delhi,7.34,10,2,2,2,1,1,100,2,1,1,9.18
Female,Mumbai,5.42,6,6,10,3,2,1,93,4,12,1,7.94
Male,Bengaluru,7.61,8,6,10,1,1,1,59,2,21,1,5.46
Male,Delhi,6.17,9,10,7,0,1,1,68,3,6,1,9.16
Female,Chennai,5.85,1,10,2,1,1,1,72,4,7,0,0.0
Female,Hyderabad,5.68,3,6,1,3,1,0,58,3,2,0,0.0
Male,Pune,8.31,7,9,7,0,4,1,87,4,18,1,8.99
Female,Delhi,6.57,6,8,5,0,5,0,93,2,30,1,9.82
Male,Delhi,8.73,7,8,1,1,1,0,74,4,25,1,9.21
Male,Hyderabad,6.66,8,1,4,0,0,0,67,4,15,1,9.2
Male,Delhi,5.49,6,5,4,1,3,2,90,4,15,1,7.04
Female,Chennai,6.08,3,7,10,1,4,0,99,1,10,1,9.35
Female,Chennai,8.44,2,6,7,0,4,1,58,3,17,1,10.25
Female,Hyderabad,7.04,7,5,9,0,4,1,89,3,18,1,11.06
Female,Pune,6.65,1,8,2,1,3,1,62,3,18,1,7.3
Female,Mumbai,7.36,3,3,1,3,2,0,94,3,29,1,9.07
Male,Bengaluru,7.7,4,6,2,1,0,0,90,3,15,1,6.95
Male,Mumbai,8.32,1,5,7,2,3,1,60,0,26,1,6.27
Male,Delhi,8.65,5,8,10,1,3,0,76,3,23,1,9.8
Male,Bengaluru,6.84,10,4,6,0,2,0,60,3,6,1,8.96
Female,Hyderabad,5.87,3,8,4,0,1,1,96,3,9,1,6.37
Male,Hyderabad,6.79,2,10,1,1,2,0,90,3,11,1,8.33
Female,Pune,7.46,3,2,1,0,1,0,63,3,15,1,9.59
Male,Bengaluru,6.24,8,9,5,1,0,2,70,2,23,1,8.72
Female,Chennai,6.24,6,9,1,1,4,1,93,0,3,1,9.88
Female,Bengaluru,7.54,7,10,7,0,1,1,100,4,19,1,8.19
Male,Delhi,7.15,6,10,1,1,4,1,92,2,1,1,10.02
Male,Chennai,7.23,6,6,1,1,2,0,87,3,24,1,8.29
Male,Hyderabad,6.44,3,4,2,1,1,0,72,2,17,1,9.59
Male,Bengaluru,6.97,8,4,10,2,3,0,66,0,11,1,7.37
Female,Mumbai,6.28,7,6,3,1,2,0,81,3,30,1,8.81
Male,Pune,8.09,7,5,1,1,1,0,55,2,18,1,9.45
Male,Mumbai,8.24,6,6,9,1,0,2,69,2,11,1,9.68
Female,Pune,5.35,5,7,10,2,0,1,81,1,28,1,7.55
Male,Delhi,6.27,10,7,8,2,4,0,70,2,7,1,9.41
Male,Mumbai,5.7,8,9,5,0,4,0,75,4,1,1,8.22
Male,Bengaluru,6.55,5,8,2,3,3,1,55,2,12,1,7.76
Male,Bengaluru,7.12,9,6,5,0,1,2,83,0,4,1,10.77
Male,Mumbai,5.75,9,6,6,1,1,0,57,3,25,1,8.69
Female,Bengaluru,6.28,1,5,1,0,4,2,66,3,8,0,0.0
Male,Delhi,6.2,6,1,4,0,1,0,82,1,15,1,7.58
Male,Chennai,7.41,7,9,9,1,3,1,93,5,11,1,10.68
Male,Delhi,7.27,3,9,2,0,1,2,91,5,30,0,0.0
Male,Pune,6.48,7,9,5,1,3,0,85,2,29,1,9.26
Male,Delhi,7.38,7,8,1,0,2,1,85,3,8,1,8.09
Female,Pune,6.65,2,10,4,0,2,0,87,1,12,0,0.0
Male,Bengaluru,6.93,7,3,4,1,3,0,87,2,3,1,9.34
Female,Chennai,8.87,1,1,6,0,3,2,94,1,21,1,8.33
Female,Bengaluru,8.54,5,8,10,2,2,1,65,2,4,1,11.0
Male,Hyderabad,5.9,9,7,9,1,1,0,100,3,27,1,10.0
Male,Bengaluru,8.03,7,5,3,1,1,0,83,2,12,1,10.67
Male,Pune,8.01,7,10,9,0,2,1,79,1,8,1,10.42
Male,Bengaluru,6.05,2,7,6,1,2,0,67,3,27,1,8.68
Female,Bengaluru,8.02,8,10,7,2,3,1,98,2,23,1,7.63
Male,Chennai,8.74,3,4,10,1,0,1,73,1,30,1,8.64
Male,Bengaluru,6.08,8,9,2,0,4,2,90,5,23,1,9.39
Male,Chennai,6.28,3,10,10,2,3,0,82,3,10,1,7.71
Male,Mumbai,8.22,10,2,6,4,0,1,58,2,26,1,9.54
Male,Hyderabad,7.47,7,9,6,2,2,1,57,1,23,1,9.82
Male,Chennai,7.75,2,9,2,0,0,0,92,4,1,1,9.72
Female,Pune,7.54,4,5,2,4,2,1,91,3,13,1,7.51
Female,Mumbai,7.59,6,1,2,0,1,0,97,1,7,1,9.68
Male,Chennai,5.87,9,7,10,0,4,3,79,2,20,1,9.31
Male,Chennai,8.25,5,10,1,0,1,1,95,1,28,0,0.0
Male,Hyderabad,8.37,9,10,5,3,0,0,89,2,3,1,9.02
Female,Pune,6.97,5,4,8,0,2,3,83,3,29,0,0.0
Male,Delhi,7.16,10,9,2,0,2,0,95,2,16,1,10.87
Female,Delhi,5.67,8,6,5,0,1,0,83,1,12,1,7.95
Male,Chennai,7.71,1,3,8,1,2,0,66,4,29,1,8.82
Male,Bengaluru,7.77,7,6,10,0,3,0,89,3,5,1,10.46
Male,Pune,7.14,4,10,5,1,2,0,74,0,18,1,10.7
Male,Mumbai,8.32,5,6,2,1,1,1,71,1,8,1,9.28
Female,Bengaluru,6.87,6,5,3,1,0,2,66,1,12,1,6.08
Female,Bengaluru,7.76,5,2,6,1,2,0,90,0,28,1,9.92
Male,Pune,6.18,1,10,5,2,2,1,64,2,25,1,8.04
Male,Chennai,7.18,9,10,4,2,1,1,72,4,21,1,8.08
Female,Chennai,7.03,2,2,4,0,3,0,84,2,3,1,9.05
Female,Chennai,7.43,9,7,5,1,1,3,62,2,16,1,11.42
Female,Chennai,6.83,10,2,2,0,4,1,95,4,10,1,9.34
Female,Delhi,7.07,2,6,9,1,3,1,67,2,23,1,6.27
Male,Chennai,8.03,9,5,2,0,4,3,85,2,17,1,11.12
Female,Delhi,6.76,6,4,10,2,3,1,60,1,10,1,8.61
Male,Delhi,5.59,9,7,2,2,0,0,61,6,3,1,9.39
Female,Chennai,8.95,6,8,10,1,3,1,75,2,25,1,9.43
Female,Hyderabad,8.58,6,4,9,3,1,1,92,3,2,1,9.77
Female,Mumbai,5.91,2,1,3,2,0,0,97,4,27,1,8.61
Female,Bengaluru,7.89,8,1,10,2,2,0,82,4,14,1,10.19
Female,Delhi,6.7,3,1,7,2,3,1,98,2,9,0,0.0
Male,Pune,7.46,7,1,4,1,3,0,75,4,27,1,8.04
Male,Pune,7.49,5,5,6,2,0,1,75,4,17,1,8.95
Female,Mumbai,6.97,3,4,4,1,0,1,78,0,4,1,9.25
Female,Pune,6.42,1,9,10,1,3,1,81,3,28,1,6.96
Male,Hyderabad,6.51,8,3,7,1,2,1,81,4,26,1,7.41
Female,Pune,6.28,3,7,1,0,5,0,67,2,29,1,9.66
Female,Bengaluru,6.37,2,8,3,0,3,1,83,1,22,1,10.0
Male,Bengaluru,7.13,1,6,3,0,1,1,93,3,15,1,8.16
Female,Delhi,6.48,4,10,1,2,1,3,82,2,13,0,0.0
Female,Chennai,7.88,8,1,6,3,1,1,91,1,23,1,9.67
Male,Hyderabad,8.69,3,8,9,1,2,2,83,2,19,1,6.29
Male,Delhi,6.62,1,10,8,2,0,0,76,1,9,1,8.19
Male,Hyderabad,7.44,4,3,7,1,4,0,90,3,4,1,10.34
Female,Chennai,7.7,9,8,10,2,0,0,84,2,21,1,7.87
Male,Pune,7.67,1,4,8,1,2,0,82,1,8,1,6.79
Male,Pune,7.28,2,8,6,3,2,1,77,3,28,1,7.41
Male,Chennai,7.94,9,1,9,0,1,1,87,1,15,1,8.79
Male,Delhi,7.68,2,3,3,0,1,3,58,1,14,0,0.0
Male,Chennai,5.96,3,6,10,0,3,0,57,2,3,1,9.53
Male,Mumbai,8.07,7,9,10,1,2,2,86,3,24,1,10.72
Female,Bengaluru,8.09,3,2,9,2,5,0,58,2,30,1,9.48
Female,Delhi,6.44,9,1,4,0,1,0,55,5,30,1,6.92
Male,Hyderabad,7.24,6,10,7,0,4,0,66,2,27,1,6.84
Male,Mumbai,7.88,3,3,9,1,2,0,67,4,17,1,9.5
Male,Delhi,6.99,9,4,2,0,2,1,88,3,8,1,7.12
Female,Chennai,8.27,1,5,2,2,2,2,83,4,14,1,9.18
Female,Chennai,9.56,10,3,9,1,4,2,63,4,13,1,10.38
Female,Chennai,6.41,3,10,3,2,0,2,85,0,15,1,7.55
Female,Chennai,5.82,1,2,9,1,1,1,61,1,11,1,4.6
Female,Hyderabad,7.5,2,2,5,0,1,1,67,1,27,0,0.0
Female,Mumbai,7.92,8,7,6,1,3,1,56,2,15,1,9.85
Female,Pune,6.97,7,9,2,1,1,0,87,2,12,1,8.11
Female,Bengaluru,8.65,2,10,8,1,1,0,61,2,26,1,7.46
Female,Hyderabad,5.86,2,2,9,1,3,1,72,1,24,1,8.14
Male,Hyderabad,7.89,9,7,2,0,2,0,62,3,22,1,7.6
Male,Pune,6.59,6,7,6,3,6,1,66,3,21,0,0.0
Male,Pune,8.92,5,7,6,0,4,0,97,2,9,1,10.49
Male,Bengaluru,9.19,10,3,8,2,1,1,84,4,22,1,7.56
Female,Bengaluru,6.43,6,7,10,1,1,1,63,1,15,1,7.84
Female,Pune,6.65,9,1,5,4,1,0,82,1,1,1,8.85
Male,Chennai,8.06,7,10,9,1,2,1,58,2,12,1,9.14
Female,Hyderabad,6.81,10,1,1,1,2,0,93,1,6,1,8.03
Male,Delhi,7.15,10,5,9,1,6,1,71,1,1,1,7.6
Female,Bengaluru,7.23,9,2,10,2,3,1,65,4,22,1,8.56
Male,Bengaluru,5.28,4,9,7,1,1,1,56,0,19,1,8.6
Female,Pune,7.19,2,7,4,1,1,0,77,1,22,1,8.94
Female,Mumbai,6.51,8,4,3,1,1,4,76,2,13,1,9.44
Male,Delhi,6.71,4,4,10,0,1,1,80,4,6,1,9.83
Female,Delhi,8.64,9,2,6,1,2,2,66,5,17,1,8.35
Male,Bengaluru,5.94,4,5,1,1,2,0,86,2,13,1,7.61
Male,Chennai,8.01,8,4,3,1,1,1,63,0,9,1,9.04
Male,Mumbai,6.92,9,1,2,1,3,2,97,2,8,1,5.54
Male,Delhi,6.92,9,8,9,1,1,2,59,1,15,1,9.27
Female,Bengaluru,7.99,10,3,3,2,0,1,80,3,18,1,9.46
Female,Delhi,7.54,4,6,2,0,2,0,61,0,2,1,7.26
Female,Mumbai,7.77,1,4,4,0,5,0,83,2,21,1,9.39
Male,Mumbai,8.17,3,9,2,0,2,0,87,3,26,1,9.69
Female,Hyderabad,6.87,9,7,1,0,2,0,78,3,2,1,9.46
Male,Pune,6.59,4,9,6,0,1,0,79,3,11,1,6.24
Female,Pune,6.11,5,10,10,1,3,2,85,2,1,1,7.07
Female,Bengaluru,6.37,7,3,8,1,1,0,83,1,18,1,8.93
Female,Mumbai,9.9,5,1,10,2,1,1,59,3,21,1,8.92
Male,Hyderabad,8.44,4,5,10,0,2,1,92,2,27,1,8.66
Female,Hyderabad,5.85,2,3,2,0,3,1,99,2,26,1,6.47
Female,Delhi,5.88,2,6,9,0,1,1,65,2,30,1,8.03
Male,Delhi,7.68,4,8,3,1,4,0,86,1,7,1,10.47
Female,Hyderabad,7.75,10,4,8,0,3,0,62,3,21,1,9.8
Male,Delhi,7.75,10,5,8,0,3,0,74,4,17,1,10.58
Female,Mumbai,6.95,9,5,3,2,2,1,88,3,16,1,10.07
Male,Chennai,7.07,8,4,3,1,4,1,96,3,7,1,8.5
Male,Mumbai,7.53,3,4,6,0,3,1,62,0,22,1,8.27
Female,Hyderabad,7.29,9,4,1,1,2,2,56,1,7,1,10.9
Male,Hyderabad,4.98,5,4,4,1,3,0,75,2,2,1,8.72
Male,Mumbai,6.97,3,4,1,1,2,1,69,2,5,0,0.0
Male,Delhi,6.35,5,5,3,1,1,0,60,2,14,1,8.52
Male,Delhi,7.38,10,2,9,1,2,2,59,6,8,1,8.81
Male,Pune,9.9,4,2,5,1,4,0,57,2,29,1,9.12
Male,Hyderabad,7.57,8,9,5,0,3,0,97,3,12,1,10.76
Female,Bengaluru,6.89,5,2,4,0,5,2,97,2,7,1,8.51
Male,Pune,8.12,10,6,3,3,2,0,70,6,6,1,11.04
Male,Delhi,7.68,8,2,5,2,0,0,89,0,13,1,10.83
Female,Mumbai,7.62,9,5,4,1,1,0,63,4,22,1,10.35
Female,Delhi,7.81,4,4,8,3,1,2,89,2,12,1,9.68
Female,Mumbai,9.26,7,7,4,0,0,0,73,3,17,1,11.62
Female,Pune,6.07,2,7,8,2,0,1,97,0,16,1,6.85
Female,Hyderabad,7.67,6,6,6,0,4,3,100,3,1,1,8.41
Female,Delhi,6.27,8,10,5,0,2,0,88,3,7,1,7.14
Female,Mumbai,7.76,7,5,4,1,4,0,93,2,3,1,7.26
Male,Hyderabad,6.28,7,1,4,1,1,0,64,3,6,1,8.48
Male,Bengaluru,6.78,8,3,4,1,1,0,64,1,28,1,9.16
Female,Mumbai,6.9,7,9,9,0,1,3,74,3,21,1,9.36
Male,Pune,8.18,5,1,4,1,6,2,55,1,3,1,8.13
Male,Bengaluru,8.12,7,5,9,0,2,1,60,2,22,1,8.69
Male,Bengaluru,5.95,10,2,10,0,2,0,100,3,3,1,9.8
Female,Chennai,7.25,3,4,6,0,3,0,56,1,8,1,6.64
Female,Delhi,6.49,5,1,10,2,6,1,92,2,14,1,8.39
Male,Mumbai,5.94,7,3,7,2,4,0,87,2,23,1,9.99
Female,Bengaluru,6.98,9,10,10,2,2,0,57,3,9,1,8.7
Male,Chennai,6.89,2,7,3,0,1,0,90,2,5,1,7.65
Male,Pune,9.63,4,10,8,0,2,0,67,2,28,1,10.84
Male,Hyderabad,7.63,7,3,3,0,2,0,89,3,15,1,7.31
Male,Mumbai,5.82,1,4,1,2,1,0,69,2,17,1,6.69
Female,Bengaluru,6.64,2,2,10,3,0,0,99,3,27,1,7.15
Female,Delhi,8.22,9,3,5,1,0,1,76,2,10,1,10.29
Female,Chennai,9.29,10,9,2,0,1,1,97,2,27,1,8.03
Male,Bengaluru,5.61,7,3,10,0,2,0,58,2,8,1,9.78
Female,Delhi,5.32,10,5,6,2,4,0,71,1,18,1,8.53
Male,Bengaluru,9.07,7,2,10,2,0,0,59,4,6,1,10.77
Female,Mumbai,7.59,6,4,9,0,4,0,75,0,17,1,10.37
Male,Mumbai,6.33,3,7,1,2,5,2,78,1,22,0,0.0
Male,Mumbai,7.73,10,7,4,2,2,0,85,4,4,1,9.43
Male,Pune,4.56,3,3,1,0,1,1,94,2,21,0,0.0
Female,Pune,7.2,2,5,1,0,2,3,84,2,15,1,8.18
Female,Chennai,7.53,6,1,8,1,1,0,96,2,10,1,8.17
Female,Mumbai,8.12,4,10,2,2,1,0,61,0,23,1,10.16
Female,Delhi,6.19,5,10,1,3,2,2,61,1,13,1,8.04
Male,Bengaluru,7.29,3,10,8,3,0,2,81,1,22,1,8.01
Female,Hyderabad,6.27,6,1,4,1,0,2,78,3,1,1,9.76
Female,Delhi,7.46,3,5,3,0,3,0,73,3,25,1,9.47
Male,Pune,6.3,8,10,4,2,2,1,95,0,22,1,9.01
Male,Pune,6.79,9,9,5,2,2,0,88,4,22,1,8.49
Male,Delhi,6.2,4,1,1,1,0,3,76,3,9,0,0.0
Female,Pune,7.85,9,1,1,1,1,1,81,1,28,1,8.06
Male,Mumbai,8.06,7,4,3,3,0,1,60,5,26,1,10.45
Male,Chennai,6.97,3,4,6,0,1,2,64,3,5,1,9.05
Male,Bengaluru,7.24,7,2,1,1,0,2,99,2,11,0,0.0
Female,Chennai,5.75,1,9,2,0,2,0,85,2,22,0,0.0
Male,Bengaluru,6.9,3,9,7,1,3,0,79,4,22,1,6.69
Female,Bengaluru,7.15,6,2,1,0,2,0,56,2,23,0,0.0
Female,Chennai,9.82,4,9,7,1,5,2,64,2,25,1,9.75
Male,Delhi,6.09,7,6,4,2,4,0,64,2,21,1,7.25
Male,Bengaluru,8.66,3,8,10,2,2,1,80,3,21,1,6.07
Female,Chennai,8.2,1,10,6,0,1,0,59,1,4,1,8.34
Male,Bengaluru,7.48,9,4,8,2,2,0,76,0,26,1,9.46
Male,Hyderabad,8.96,6,2,9,3,1,1,58,1,20,1,8.9
Female,Delhi,7.57,8,2,6,0,2,1,88,1,16,1,9.09
Female,Mumbai,7.59,3,9,9,1,3,2,61,1,28,1,8.3
Male,Bengaluru,7.15,8,1,4,4,2,0,71,3,24,1,7.74
Female,Hyderabad,8.42,2,7,6,1,0,2,65,0,29,1,11.02
Male,Mumbai,8.3,4,3,8,3,3,0,62,3,18,1,9.27
Male,Mumbai,6.57,3,3,9,2,6,3,82,6,26,1,7.65
Male,Bengaluru,5.88,10,2,3,2,2,1,98,1,8,1,7.77
Female,Chennai,7.0,1,10,2,2,2,0,87,5,2,1,7.59
Male,Bengaluru,6.4,7,6,6,1,2,1,79,4,17,1,8.14
Male,Hyderabad,7.14,10,10,4,0,2,0,75,3,10,1,9.24
Male,Mumbai,8.44,2,2,1,1,2,2,66,1,13,1,10.07
Female,Bengaluru,6.74,4,10,8,4,1,0,80,2,15,1,7.37
Female,Chennai,7.16,9,4,9,1,1,0,83,4,9,1,9.3
Female,Bengaluru,7.26,6,10,9,2,3,0,92,3,27,1,9.72
Female,Delhi,8.05,8,9,2,1,3,1,89,1,8,1,8.47
Female,Chennai,4.95,2,9,9,2,2,2,91,2,6,1,6.66
Male,Hyderabad,6.59,7,6,7,2,2,0,100,2,4,1,6.84
Female,Mumbai,7.41,6,4,5,0,2,1,98,2,18,1,10.83
Female,Bengaluru,8.4,9,7,7,1,0,0,99,1,24,1,10.13
Female,Chennai,6.71,7,1,9,0,3,1,99,1,3,1,8.0
Male,Delhi,5.32,1,4,8,4,2,1,83,1,26,1,6.75
Female,Chennai,7.82,8,5,6,0,2,0,78,4,4,1,7.96
Female,Pune,6.56,10,8,4,1,1,2,69,6,21,1,9.18
Male,Delhi,6.01,3,2,1,1,3,1,60,3,13,0,0.0
Female,Hyderabad,6.58,2,5,6,0,5,1,86,4,20,1,6.94
Male,Mumbai,7.02,3,6,3,1,0,1,98,2,11,1,7.39
Male,Hyderabad,6.6,6,5,6,0,0,1,88,5,8,1,9.4
Male,Bengaluru,4.99,3,9,6,1,1,0,90,3,25,1,7.15
Male,Chennai,8.1,10,10,4,0,2,1,74,0,14,1,8.06
Male,Pune,8.47,5,1,2,1,2,0,66,1,14,1,9.14
Female,Delhi,7.85,6,3,9,1,1,0,89,3,16,1,8.14
Male,Delhi,6.06,8,2,2,1,5,1,92,4,14,1,9.36
Male,Chennai,7.0,7,3,3,1,0,0,71,5,1,1,10.6
Female,Pune,7.19,8,10,10,3,1,2,81,2,2,1,6.65
Male,Chennai,7.8,3,9,1,0,2,0,71,2,28,1,7.74
Female,Bengaluru,7.87,4,9,7,1,2,2,65,1,20,1,8.9
Female,Hyderabad,6.47,6,10,1,3,3,1,93,0,1,1,8.39
Female,Delhi,7.28,7,2,9,3,0,2,56,3,11,1,10.39
Male,Bengaluru,7.66,9,3,1,0,2,1,56,3,6,1,9.24
Male,Hyderabad,8.66,1,4,5,1,0,1,83,2,15,1,8.9
Male,Bengaluru,7.9,8,9,7,2,1,0,99,3,12,1,9.74
Female,Pune,7.99,8,3,3,1,4,1,78,2,5,1,8.44
Male,Delhi,7.28,6,7,9,0,6,0,78,0,29,1,9.39
Male,Chennai,8.61,4,3,8,0,0,0,70,0,23,1,9.48
Male,Chennai,7.61,3,7,3,1,3,2,85,2,12,1,8.65
Female,Hyderabad,6.34,3,7,5,0,0,1,97,4,22,0,0.0
Female,Mumbai,8.6,6,9,7,1,0,2,63,3,14,1,8.32
Male,Pune,7.9,8,2,4,1,1,1,81,0,14,1,9.45
Male,Hyderabad,6.76,7,6,5,0,4,2,95,0,19,1,8.59
Male,Mumbai,6.72,1,9,3,0,3,2,68,1,5,1,8.87
Male,Bengaluru,7.5,6,2,9,1,0,3,99,1,3,1,9.75
Female,Pune,7.66,7,2,10,3,0,0,79,1,25,1,9.43
Female,Bengaluru,7.4,7,5,9,0,0,0,97,0,18,1,9.84
Female,Delhi,7.51,9,10,7,4,2,2,98,2,6,1,9.81
Female,Pune,8.9,10,10,10,0,4,0,76,1,9,1,9.18
Male,Mumbai,8.27,5,10,2,0,2,0,89,2,26,1,8.99
Male,Delhi,7.39,1,8,7,0,3,3,87,3,7,1,6.89
Male,Chennai,8.14,2,9,7,1,0,2,81,2,21,1,10.38
Female,Mumbai,6.17,4,2,5,2,3,0,94,7,18,0,0.0
Male,Hyderabad,7.6,5,5,9,2,5,2,80,1,2,1,6.26
Female,Chennai,9.01,9,7,3,0,2,0,73,2,20,1,12.28
Female,Chennai,6.98,1,6,4,1,4,0,99,1,10,1,7.95
Male,Hyderabad,6.35,3,6,1,0,2,1,93,2,12,1,9.16
Male,Pune,6.55,5,7,6,1,3,0,99,3,2,1,9.27
Male,Chennai,6.11,3,3,4,1,1,1,80,2,28,1,9.25
Female,Mumbai,6.42,4,3,1,2,1,1,60,3,13,1,8.94
Male,Delhi,6.83,3,10,2,0,1,1,57,3,29,1,8.97
Female,Chennai,5.79,4,9,3,0,5,0,60,2,8,1,5.2
Male,Mumbai,7.22,1,8,9,1,2,0,82,3,26,1,6.99
Female,Bengaluru,8.1,8,5,8,2,3,2,57,4,23,1,6.14
Female,Mumbai,6.29,4,6,7,2,0,1,67,2,7,1,7.2
Male,Delhi,8.72,7,10,4,1,1,3,67,3,3,1,8.75
Female,Mumbai,7.71,2,1,1,2,3,2,67,2,23,0,0.0
Female,Hyderabad,8.23,2,10,8,1,2,2,55,2,8,1,7.48
Male,Delhi,6.54,6,1,4,0,1,2,94,3,21,0,0.0
Female,Pune,8.05,2,4,3,2,1,0,91,1,1,1,7.94
Male,Bengaluru,6.11,6,2,9,1,1,0,85,4,15,1,8.77
Female,Hyderabad,8.09,2,7,10,3,1,0,71,1,1,1,9.48
Male,Pune,7.37,4,2,4,1,1,1,63,2,12,1,8.82
Male,Mumbai,7.75,7,10,4,1,2,2,99,0,11,1,9.81
Female,Delhi,6.02,8,2,9,2,2,0,67,3,16,1,8.8
Female,Bengaluru,6.3,3,5,2,0,0,2,91,0,30,0,0.0
Female,Hyderabad,7.8,9,4,5,0,1,0,68,3,4,1,11.55
Female,Pune,6.25,2,8,4,2,1,1,65,4,2,1,4.99
Female,Pune,7.66,8,4,9,2,4,2,79,3,23,1,10.5
Male,Bengaluru,5.83,8,6,5,3,1,4,85,5,29,0,0.0
Female,Mumbai,8.05,4,5,9,0,1,0,68,0,3,1,9.02
Male,Bengaluru,5.97,1,2,9,1,0,0,61,1,28,0,0.0
Male,Pune,7.75,1,8,2,0,0,0,78,4,4,1,9.06
Female,Chennai,7.83,2,2,9,1,1,0,90,2,25,1,8.42
Male,Hyderabad,6.5,9,9,3,1,4,0,96,3,18,1,8.85
Male,Bengaluru,7.78,2,9,4,4,1,1,96,1,12,1,8.88
Male,Pune,7.46,2,3,1,2,1,0,98,5,24,0,0.0
Male,Mumbai,6.66,6,4,1,0,1,3,95,4,1,0,0.0
Female,Pune,6.19,7,8,1,0,1,0,57,0,3,1,8.5
Male,Mumbai,5.24,7,9,9,0,1,0,98,3,4,1,7.28
Female,Bengaluru,7.55,9,3,8,0,0,0,80,2,30,1,8.22
Female,Mumbai,5.64,6,5,5,0,1,0,80,3,6,1,7.08
Male,Delhi,7.3,8,8,5,0,1,0,55,3,17,1,6.65
Female,Delhi,6.94,6,3,9,0,3,1,69,2,30,1,8.17
Female,Delhi,7.88,2,7,3,1,5,0,65,3,8,1,8.5
Female,Chennai,6.9,1,8,3,1,6,0,91,3,18,1,8.96
Male,Bengaluru,6.87,5,10,7,4,5,1,61,0,16,1,7.8
Female,Pune,7.93,9,3,9,4,0,0,66,4,21,1,11.25
Female,Pune,7.54,8,2,6,1,3,0,92,2,6,1,9.8
Female,Chennai,7.52,4,10,2,1,4,0,57,0,24,1,7.27
Male,Mumbai,7.67,5,7,1,1,1,0,96,1,19,1,8.2
Female,Chennai,5.66,5,9,2,0,1,1,80,2,28,1,10.51
Male,Mumbai,7.96,6,1,1,2,4,1,84,3,25,1,9.92
Male,Mumbai,7.81,3,3,10,0,1,1,86,2,28,1,7.96
Male,Hyderabad,6.18,5,5,10,0,0,0,90,2,21,1,9.33
Male,Pune,6.96,2,3,9,3,1,0,99,2,8,1,6.66
Male,Delhi,7.16,10,1,10,2,2,1,91,2,4,1,8.54
Male,Mumbai,7.07,1,7,8,1,0,0,72,2,28,1,5.3
Female,Hyderabad,7.53,1,7,7,2,3,2,55,2,9,1,8.98
Male,Pune,8.63,10,10,3,0,2,0,75,1,8,1,8.32
Female,Delhi,8.28,7,8,8,0,5,1,82,1,21,1,9.14
Female,Mumbai,5.89,2,5,2,1,3,1,70,2,19,0,0.0
Male,Mumbai,7.82,4,10,2,0,3,0,82,2,1,1,8.96
Female,Chennai,8.53,5,5,10,3,1,2,76,1,21,1,9.0
Female,Chennai,7.59,7,5,3,4,2,0,73,2,21,1,7.23
Female,Pune,8.29,2,1,7,1,4,1,55,1,4,1,8.07
Female,Delhi,9.21,6,10,1,0,2,2,85,2,10,1,9.6
Male,Mumbai,8.22,1,5,8,1,1,1,96,2,26,1,9.03
Female,Pune,7.45,7,6,7,3,2,1,88,1,8,1,10.85
Male,Pune,8.25,9,1,4,1,5,1,100,1,3,1,10.93
Female,Bengaluru,7.34,5,7,5,2,3,2,94,0,12,1,7.83
Female,Chennai,7.22,5,1,10,1,1,1,60,4,26,1,7.78
Male,Delhi,6.85,4,2,1,0,4,0,82,4,9,1,6.66
Female,Mumbai,8.76,3,2,4,0,0,2,57,2,3,1,7.71
Female,Pune,6.38,9,5,1,2,2,1,85,2,4,1,9.85
Female,Mumbai,8.73,5,10,1,1,2,0,70,2,6,1,7.25
Male,Bengaluru,7.7,8,7,10,1,2,1,71,3,9,1,8.97
Female,Delhi,5.8,9,1,1,0,5,0,98,1,26,1,8.25
Male,Pune,7.57,5,10,7,3,1,3,81,4,2,1,7.84
Female,Mumbai,5.1,10,1,7,1,1,1,78,2,2,1,6.92
Male,Chennai,7.83,9,1,4,0,1,0,74,1,18,1,7.05
Male,Bengaluru,8.09,2,6,2,1,1,1,86,3,21,1,7.02
Female,Delhi,6.61,9,2,3,0,2,0,89,2,22,1,8.79
Female,Bengaluru,7.32,4,1,8,0,3,3,67,4,3,1,9.26
Male,Chennai,9.15,6,6,8,0,3,0,97,3,3,1,11.36
Male,Delhi,6.69,6,2,6,2,2,1,74,1,18,1,8.96
Female,Bengaluru,6.14,6,6,10,0,1,1,56,1,27,1,9.08
Male,Hyderabad,8.68,2,10,9,0,1,0,58,2,6,1,10.71
Female,Chennai,9.16,7,8,9,1,4,1,81,0,1,1,9.95
Female,Chennai,7.2,6,2,4,1,2,0,79,1,25,1,9.92
Female,Chennai,8.21,1,9,1,0,1,0,58,3,15,1,8.04
Female,Hyderabad,8.54,2,8,1,2,1,1,86,3,11,1,9.59
Male,Hyderabad,6.46,7,10,10,3,5,0,71,2,10,1,8.85
Female,Mumbai,6.71,1,1,5,2,1,0,55,3,4,1,7.68
Male,Pune,8.43,1,7,2,1,2,0,87,3,14,1,10.43
Female,Bengaluru,8.89,1,10,6,0,4,1,84,1,2,1,7.29
Male,Mumbai,7.76,8,6,7,0,2,0,59,2,13,1,8.14
Female,Bengaluru,6.32,4,6,1,0,2,0,66,2,16,1,9.61
Male,Pune,9.19,4,6,6,2,1,0,92,3,12,1,10.36
Male,Hyderabad,6.67,2,6,8,0,1,0,86,2,22,1,8.09
Female,Pune,6.86,1,10,5,2,1,0,92,3,5,1,8.43
Female,Hyderabad,7.54,10,7,7,3,2,1,71,3,19,1,9.96
Female,Pune,8.75,9,3,10,2,2,1,99,3,29,1,10.08
Female,Mumbai,8.05,7,6,6,0,0,0,94,3,3,1,9.45
Male,Delhi,7.61,4,3,4,0,3,1,86,3,21,1,7.63
Female,Mumbai,7.66,6,7,7,0,3,0,78,3,20,1,10.39
Male,Bengaluru,7.24,2,7,10,2,1,1,66,2,21,1,8.03
Male,Mumbai,7.76,7,8,9,0,3,1,85,2,2,1,7.87
Female,Chennai,4.67,2,2,10,3,4,2,73,2,27,1,7.54
Male,Bengaluru,6.9,10,9,10,1,4,1,83,3,17,1,9.53
Male,Pune,7.44,8,5,7,1,2,0,75,2,21,1,9.54
Male,Bengaluru,6.05,8,9,5,1,1,1,80,2,11,1,9.74
Male,Delhi,7.59,1,10,7,1,0,0,82,5,1,1,7.82
Female,Hyderabad,7.0,8,5,3,1,3,1,71,2,19,1,8.83
Female,Pune,8.96,2,7,2,1,2,0,63,2,8,1,7.86
Female,Bengaluru,8.77,6,9,5,0,0,1,75,4,11,1,9.57
Female,Pune,6.73,1,4,4,0,5,0,88,1,8,0,0.0
Male,Pune,7.05,5,2,5,2,4,1,65,2,25,1,7.86
Male,Pune,7.13,7,9,8,2,1,1,74,1,17,1,10.02
Female,Hyderabad,6.75,10,2,4,1,4,1,93,7,20,1,9.23
Female,Mumbai,7.4,1,3,9,2,3,1,70,1,6,1,9.92
Female,Pune,6.44,2,10,7,1,4,1,83,2,7,1,9.41
Male,Chennai,6.07,7,2,10,0,3,0,55,1,21,1,8.72
Female,Delhi,7.82,6,3,7,1,1,0,72,2,13,1,9.38
Female,Hyderabad,7.83,3,6,8,0,3,1,76,0,7,1,8.31
Female,Bengaluru,6.4,10,3,6,1,2,1,62,5,11,1,10.19
Male,Hyderabad,8.1,2,10,8,3,2,1,61,1,10,1,9.01
Male,Bengaluru,6.57,10,8,3,0,2,1,79,1,8,1,10.09
Male,Hyderabad,7.45,4,6,10,1,1,1,84,5,10,1,7.81
Male,Bengaluru,8.02,3,7,10,1,5,0,88,2,22,1,7.03
Male,Pune,7.17,7,1,1,0,4,1,98,2,11,1,9.45
Male,Mumbai,7.65,8,3,6,0,1,1,95,1,20,1,9.98
Male,Bengaluru,6.68,2,3,1,1,3,0,65,2,17,0,0.0
Male,Bengaluru,7.0,10,2,9,0,3,0,69,1,11,1,9.84
Female,Chennai,6.99,7,7,2,2,4,0,89,4,16,1,7.76
Female,Bengaluru,6.45,8,9,2,0,1,2,77,2,5,1,9.84
Male,Chennai,7.02,6,4,7,3,1,0,99,0,10,1,10.08
Male,Delhi,5.65,6,5,2,1,2,0,75,2,26,1,9.42
Female,Pune,6.71,10,3,10,0,1,1,82,2,26,1,9.2
Male,Chennai,6.92,1,9,8,3,1,1,67,2,20,1,9.47
Male,Mumbai,6.94,4,4,6,0,0,0,88,2,5,1,7.04
Male,Pune,6.96,1,5,7,3,2,2,92,0,20,1,8.74
Female,Chennai,7.14,4,1,7,0,2,0,60,2,9,1,9.34
Female,Pune,7.68,2,2,6,1,1,0,98,3,3,1,9.03
Female,Pune,8.07,5,9,10,3,1,0,58,1,3,1,7.8
Female,Pune,6.55,10,2,9,1,3,0,59,1,10,1,9.27
Female,Delhi,6.0,9,5,9,1,2,0,94,0,7,1,8.37
Male,Mumbai,6.16,10,8,7,1,1,2,60,3,2,1,6.51
Female,Hyderabad,6.71,3,3,9,1,1,0,75,3,25,1,6.8
Male,Hyderabad,6.85,8,6,10,0,1,1,82,4,8,1,10.25
Male,Chennai,6.43,3,4,3,1,2,4,57,1,12,0,0.0
Female,Pune,5.9,6,7,3,2,4,0,77,3,30,1,9.55
Female,Chennai,6.74,4,10,1,1,1,0,62,2,22,1,9.71
Male,Delhi,7.38,8,3,5,0,0,0,73,0,30,1,9.7
Male,Delhi,7.8,6,6,4,2,1,0,65,4,29,1,8.21
Male,Bengaluru,6.64,8,10,2,1,2,1,64,3,9,1,9.92
Female,Delhi,6.79,1,9,9,1,0,1,82,1,11,1,8.25
Female,Bengaluru,6.27,6,10,3,3,3,0,74,1,19,1,8.47
Female,Mumbai,7.17,1,1,8,1,1,1,98,2,20,1,7.04
Female,Chennai,6.35,1,3,6,1,1,2,82,2,23,0,0.0
Female,Mumbai,7.77,8,2,5,1,6,1,83,0,17,1,8.1
Male,Delhi,5.41,7,8,1,1,1,1,62,2,13,1,9.38
Female,Mumbai,6.84,3,7,4,1,1,0,73,2,1,1,10.1
Male,Mumbai,7.5,6,2,3,2,0,1,75,4,1,0,0.0
Male,Mumbai,7.38,9,6,1,1,5,3,72,0,28,1,9.4
Male,Delhi,9.89,7,3,5,1,1,0,63,3,8,1,9.43
Female,Pune,7.55,3,8,6,2,2,1,58,2,13,1,9.07
Female,Mumbai,6.2,6,10,2,0,0,1,95,1,6,1,7.89
Female,Bengaluru,7.1,4,3,3,0,2,3,79,1,3,0,0.0
Male,Delhi,5.42,3,10,6,1,2,2,88,5,16,0,0.0
Male,Mumbai,7.12,9,9,4,1,4,0,63,2,10,1,9.85
Male,Pune,6.37,10,1,9,1,2,0,63,5,7,1,9.77
Male,Delhi,8.12,2,5,5,1,2,0,72,1,22,1,9.67
Male,Hyderabad,6.65,1,3,4,3,2,0,65,4,21,1,8.62
Male,Pune,7.08,2,6,2,0,0,0,67,2,3,1,8.8
Female,Bengaluru,6.56,7,10,6,3,5,0,92,0,14,1,7.38
Female,Mumbai,8.94,10,2,10,1,1,0,63,1,16,1,8.53
Female,Hyderabad,6.88,1,9,2,2,6,0,70,0,4,1,8.43
Female,Hyderabad,9.03,6,6,7,1,3,0,58,1,29,1,10.7
Male,Delhi,8.01,7,7,3,1,3,1,88,1,13,1,8.82
Male,Hyderabad,7.68,9,5,9,1,2,0,61,2,27,1,9.27
Female,Bengaluru,7.57,8,9,5,2,1,1,69,1,27,1,9.13
Male,Bengaluru,7.59,6,1,8,0,5,1,92,1,1,1,6.66
Female,Chennai,5.27,3,5,6,1,0,0,65,1,25,1,7.99
Female,Bengaluru,6.92,8,10,10,1,2,1,86,2,5,1,8.22
Female,Pune,8.05,7,6,8,1,3,0,81,3,18,1,9.89
Male,Hyderabad,7.15,3,7,3,0,1,0,84,1,12,1,8.32
Female,Bengaluru,5.79,9,4,3,0,2,0,71,0,11,1,8.39
Female,Delhi,7.15,2,1,5,1,1,1,90,3,9,1,8.05
Female,Chennai,8.9,3,8,10,3,2,3,73,3,28,1,8.58
Male,Hyderabad,8.45,2,10,3,0,1,0,61,5,7,1,7.06
Male,Chennai,7.14,1,4,8,1,1,0,97,2,14,1,9.26
Female,Hyderabad,8.15,4,3,10,1,4,0,99,2,30,1,8.07
Male,Delhi,6.83,5,7,8,1,3,1,75,4,24,1,7.93
Male,Chennai,5.5,6,2,2,1,3,2,82,2,29,0,0.0
Male,Mumbai,6.28,5,8,4,1,1,1,57,3,3,1,6.96
Male,Pune,8.76,1,6,10,2,1,0,68,1,16,1,8.09
Male,Pune,6.93,3,7,1,2,3,0,56,1,30,1,10.59
Male,Hyderabad,6.96,1,5,4,1,5,0,83,3,7,1,8.46
Male,Mumbai,6.9,5,9,4,1,1,1,72,6,27,1,7.49
Male,Chennai,9.1,5,5,10,2,5,0,91,3,1,1,6.79
Male,Mumbai,8.83,6,5,9,1,1,1,99,1,6,1,10.51
Male,Mumbai,9.42,8,3,3,0,2,1,99,4,26,1,8.54
Female,Chennai,7.04,10,1,2,4,2,0,78,1,6,1,8.51
Female,Delhi,7.5,1,2,9,2,1,2,100,4,27,1,7.75
Male,Mumbai,5.68,4,8,9,2,2,0,66,1,10,1,6.87
Female,Mumbai,8.68,10,1,1,2,2,0,99,0,12,1,9.65
Female,Delhi,6.03,1,7,6,2,2,0,86,4,22,1,7.07
Male,Mumbai,7.42,9,5,10,3,2,0,72,2,19,1,9.91
Male,Mumbai,6.1,7,3,8,1,3,1,67,6,6,1,8.64
